GTS_USER_LANGUAGE_ID,GTS_USER_ID,GTS_LANGUAGE_ID,GTS_USER_LANGUAGE_CAN_READ,GTS_USER_LANGUAGE_CAN_WRITE,GTS_USER_LANGUAGE_CAN_SPEAK,GTS_USER_PROFICIENCY
1,387,941,FALSE,FALSE,FALSE,Proficient
2,128,280,FALSE,FALSE,TRUE,Proficient
3,295,173,TRUE,FALSE,FALSE,Native
4,61,505,TRUE,FALSE,TRUE,Intermediate
5,589,236,FALSE,FALSE,FALSE,Proficient
6,770,640,TRUE,FALSE,TRUE,Native
7,605,9,FALSE,TRUE,TRUE,Beginner
8,950,349,TRUE,FALSE,TRUE,Fluent
9,771,590,FALSE,FALSE,TRUE,Fluent
10,935,645,FALSE,TRUE,TRUE,Beginner
11,971,454,TRUE,FALSE,TRUE,Fluent
12,247,343,TRUE,FALSE,TRUE,Native
13,985,813,TRUE,TRUE,FALSE,Proficient
14,899,491,FALSE,FALSE,TRUE,Proficient
15,387,604,FALSE,TRUE,FALSE,Beginner
16,834,559,TRUE,TRUE,TRUE,Fluent
17,806,712,TRUE,FALSE,TRUE,Proficient
18,867,712,FALSE,FALSE,TRUE,Native
19,764,444,TRUE,FALSE,TRUE,Proficient
20,162,9,FALSE,TRUE,TRUE,Fluent
21,85,208,TRUE,FALSE,TRUE,Proficient
22,73,151,TRUE,FALSE,TRUE,Proficient
23,380,337,FALSE,FALSE,FALSE,Native
24,934,298,TRUE,FALSE,TRUE,Beginner
25,925,385,FALSE,FALSE,TRUE,Native
26,98,584,TRUE,FALSE,TRUE,Beginner
27,41,813,TRUE,TRUE,TRUE,Fluent
28,878,660,TRUE,FALSE,FALSE,Proficient
29,462,916,TRUE,TRUE,TRUE,Beginner
30,544,562,FALSE,FALSE,TRUE,Beginner
31,112,875,FALSE,FALSE,FALSE,Proficient
32,167,632,TRUE,TRUE,TRUE,Proficient
33,818,105,FALSE,FALSE,FALSE,Native
34,831,258,TRUE,TRUE,FALSE,Native
35,146,731,FALSE,TRUE,TRUE,Intermediate
36,804,754,FALSE,FALSE,FALSE,Proficient
37,329,343,FALSE,FALSE,TRUE,Proficient
38,506,673,TRUE,FALSE,FALSE,Intermediate
39,551,253,FALSE,FALSE,FALSE,Beginner
40,467,761,TRUE,FALSE,FALSE,Intermediate
41,691,694,TRUE,TRUE,FALSE,Intermediate
42,136,935,FALSE,FALSE,FALSE,Beginner
43,976,590,TRUE,FALSE,FALSE,Beginner
44,583,877,TRUE,FALSE,FALSE,Fluent
45,383,441,TRUE,FALSE,TRUE,Proficient
46,133,823,FALSE,FALSE,FALSE,Fluent
47,632,910,FALSE,TRUE,FALSE,Native
48,883,200,TRUE,FALSE,FALSE,Intermediate
49,733,568,FALSE,TRUE,TRUE,Fluent
50,669,762,TRUE,TRUE,FALSE,Fluent
51,687,775,TRUE,FALSE,FALSE,Beginner
52,73,630,TRUE,FALSE,TRUE,Proficient
53,861,94,FALSE,FALSE,TRUE,Native
54,688,241,FALSE,FALSE,FALSE,Proficient
55,596,384,FALSE,FALSE,TRUE,Proficient
56,653,232,FALSE,FALSE,TRUE,Fluent
57,598,415,TRUE,TRUE,FALSE,Beginner
58,594,477,FALSE,TRUE,TRUE,Proficient
59,672,653,FALSE,FALSE,FALSE,Intermediate
60,519,345,TRUE,TRUE,TRUE,Proficient
61,301,559,FALSE,TRUE,TRUE,Fluent
62,939,74,FALSE,FALSE,FALSE,Proficient
63,155,102,TRUE,TRUE,TRUE,Beginner
64,767,702,TRUE,TRUE,FALSE,Proficient
65,717,933,FALSE,FALSE,TRUE,Native
66,103,564,FALSE,TRUE,TRUE,Fluent
67,376,646,TRUE,FALSE,TRUE,Native
68,956,331,TRUE,TRUE,FALSE,Proficient
69,620,51,FALSE,FALSE,TRUE,Fluent
70,586,807,TRUE,TRUE,FALSE,Fluent
71,54,848,TRUE,FALSE,FALSE,Native
72,134,506,TRUE,FALSE,FALSE,Native
73,93,827,TRUE,FALSE,TRUE,Fluent
74,458,9,FALSE,FALSE,TRUE,Fluent
75,823,413,TRUE,FALSE,TRUE,Beginner
76,963,625,TRUE,TRUE,FALSE,Beginner
77,721,43,TRUE,FALSE,TRUE,Native
78,621,997,FALSE,FALSE,TRUE,Intermediate
79,775,364,FALSE,FALSE,TRUE,Beginner
80,807,340,FALSE,TRUE,FALSE,Proficient
81,472,68,TRUE,FALSE,TRUE,Beginner
82,197,750,FALSE,FALSE,FALSE,Intermediate
83,546,540,FALSE,TRUE,FALSE,Fluent
84,745,754,TRUE,TRUE,TRUE,Beginner
85,46,893,FALSE,TRUE,TRUE,Intermediate
86,764,453,TRUE,TRUE,FALSE,Beginner
87,95,366,TRUE,FALSE,FALSE,Intermediate
88,727,876,FALSE,FALSE,FALSE,Beginner
89,722,762,FALSE,TRUE,FALSE,Proficient
90,480,267,FALSE,FALSE,FALSE,Beginner
91,961,972,TRUE,TRUE,FALSE,Fluent
92,563,583,FALSE,FALSE,FALSE,Native
93,778,534,FALSE,TRUE,TRUE,Fluent
94,688,410,FALSE,FALSE,TRUE,Intermediate
95,365,322,TRUE,TRUE,TRUE,Beginner
96,948,87,FALSE,TRUE,FALSE,Beginner
97,855,823,TRUE,TRUE,FALSE,Intermediate
98,699,303,TRUE,FALSE,TRUE,Fluent
99,580,74,TRUE,FALSE,FALSE,Fluent
100,849,762,TRUE,FALSE,FALSE,Intermediate
101,438,865,FALSE,TRUE,FALSE,Beginner
102,274,35,TRUE,FALSE,TRUE,Native
103,712,573,FALSE,TRUE,TRUE,Fluent
104,132,880,TRUE,FALSE,TRUE,Beginner
105,531,862,FALSE,FALSE,FALSE,Fluent
106,782,306,TRUE,TRUE,TRUE,Proficient
107,407,301,FALSE,TRUE,FALSE,Intermediate
108,578,927,TRUE,FALSE,FALSE,Fluent
109,618,93,FALSE,TRUE,FALSE,Beginner
110,853,827,TRUE,TRUE,FALSE,Intermediate
111,653,455,FALSE,TRUE,FALSE,Proficient
112,55,405,FALSE,TRUE,TRUE,Fluent
113,652,324,FALSE,FALSE,TRUE,Proficient
114,97,414,TRUE,TRUE,FALSE,Beginner
115,915,280,TRUE,TRUE,TRUE,Intermediate
116,499,740,TRUE,FALSE,TRUE,Native
117,572,436,FALSE,FALSE,TRUE,Native
118,575,134,FALSE,FALSE,TRUE,Fluent
119,531,736,TRUE,TRUE,FALSE,Beginner
120,519,352,TRUE,TRUE,TRUE,Beginner
121,657,627,TRUE,FALSE,FALSE,Fluent
122,812,468,TRUE,TRUE,TRUE,Beginner
123,518,393,TRUE,TRUE,FALSE,Native
124,444,927,TRUE,FALSE,TRUE,Fluent
125,130,384,FALSE,TRUE,FALSE,Intermediate
126,63,681,TRUE,TRUE,TRUE,Fluent
127,720,854,TRUE,TRUE,TRUE,Native
128,71,730,FALSE,TRUE,FALSE,Proficient
129,778,733,FALSE,TRUE,TRUE,Intermediate
130,493,661,FALSE,FALSE,FALSE,Beginner
131,32,677,FALSE,TRUE,FALSE,Fluent
132,571,575,TRUE,FALSE,TRUE,Fluent
133,635,649,FALSE,FALSE,FALSE,Proficient
134,871,723,FALSE,TRUE,FALSE,Proficient
135,867,280,FALSE,TRUE,TRUE,Beginner
136,137,911,TRUE,FALSE,FALSE,Native
137,166,23,FALSE,FALSE,TRUE,Proficient
138,322,285,FALSE,FALSE,TRUE,Fluent
139,69,26,TRUE,TRUE,TRUE,Native
140,333,486,TRUE,FALSE,TRUE,Proficient
141,977,863,FALSE,TRUE,TRUE,Proficient
142,674,275,TRUE,FALSE,FALSE,Beginner
143,563,166,TRUE,TRUE,FALSE,Fluent
144,206,257,FALSE,TRUE,TRUE,Proficient
145,637,73,TRUE,FALSE,TRUE,Intermediate
146,727,459,TRUE,FALSE,TRUE,Proficient
147,767,979,FALSE,FALSE,TRUE,Native
148,738,612,FALSE,TRUE,TRUE,Intermediate
149,213,396,FALSE,FALSE,TRUE,Beginner
150,600,445,FALSE,FALSE,TRUE,Fluent
151,529,66,TRUE,FALSE,FALSE,Proficient
152,551,282,FALSE,FALSE,FALSE,Native
153,303,391,TRUE,TRUE,TRUE,Intermediate
154,595,655,TRUE,FALSE,TRUE,Beginner
155,31,83,FALSE,TRUE,TRUE,Fluent
156,816,86,TRUE,TRUE,FALSE,Fluent
157,324,60,FALSE,TRUE,FALSE,Fluent
158,589,328,TRUE,FALSE,FALSE,Beginner
159,480,945,FALSE,TRUE,FALSE,Native
160,298,373,FALSE,FALSE,TRUE,Proficient
161,565,870,FALSE,FALSE,TRUE,Beginner
162,827,483,TRUE,TRUE,FALSE,Intermediate
163,793,118,FALSE,TRUE,TRUE,Native
164,860,762,FALSE,FALSE,TRUE,Fluent
165,62,755,TRUE,FALSE,FALSE,Intermediate
166,32,623,TRUE,FALSE,TRUE,Native
167,939,361,TRUE,TRUE,TRUE,Native
168,6,188,TRUE,TRUE,FALSE,Proficient
169,755,92,TRUE,FALSE,FALSE,Native
170,13,584,FALSE,FALSE,TRUE,Intermediate
171,774,346,TRUE,FALSE,TRUE,Proficient
172,822,323,FALSE,TRUE,TRUE,Proficient
173,771,734,TRUE,FALSE,FALSE,Beginner
174,509,300,TRUE,FALSE,TRUE,Intermediate
175,494,828,TRUE,FALSE,TRUE,Native
176,697,252,FALSE,FALSE,FALSE,Native
177,192,709,TRUE,TRUE,TRUE,Native
178,420,14,TRUE,TRUE,FALSE,Beginner
179,32,915,FALSE,TRUE,TRUE,Beginner
180,593,100,TRUE,TRUE,FALSE,Proficient
181,84,709,TRUE,FALSE,FALSE,Native
182,477,449,TRUE,TRUE,FALSE,Intermediate
183,738,391,FALSE,TRUE,TRUE,Intermediate
184,449,722,TRUE,FALSE,FALSE,Native
185,368,354,TRUE,TRUE,TRUE,Beginner
186,993,900,FALSE,TRUE,FALSE,Native
187,322,403,TRUE,TRUE,FALSE,Proficient
188,685,427,TRUE,TRUE,TRUE,Fluent
189,886,181,TRUE,FALSE,FALSE,Fluent
190,653,889,TRUE,FALSE,TRUE,Fluent
191,85,213,FALSE,FALSE,FALSE,Native
192,141,947,TRUE,TRUE,FALSE,Native
193,951,628,FALSE,FALSE,FALSE,Intermediate
194,333,584,TRUE,TRUE,FALSE,Proficient
195,5,127,TRUE,TRUE,FALSE,Fluent
196,166,781,FALSE,TRUE,TRUE,Native
197,678,110,FALSE,TRUE,FALSE,Native
198,346,957,FALSE,FALSE,FALSE,Fluent
199,478,89,TRUE,TRUE,TRUE,Intermediate
200,726,14,TRUE,FALSE,TRUE,Beginner
201,29,459,TRUE,TRUE,FALSE,Intermediate
202,705,655,TRUE,TRUE,TRUE,Intermediate
203,514,839,TRUE,FALSE,FALSE,Proficient
204,249,601,TRUE,FALSE,TRUE,Native
205,387,917,FALSE,FALSE,FALSE,Beginner
206,447,413,TRUE,TRUE,TRUE,Proficient
207,742,377,TRUE,FALSE,FALSE,Intermediate
208,650,319,TRUE,TRUE,TRUE,Intermediate
209,57,682,TRUE,FALSE,TRUE,Beginner
210,643,420,TRUE,TRUE,FALSE,Native
211,604,526,TRUE,FALSE,FALSE,Intermediate
212,706,678,FALSE,TRUE,FALSE,Proficient
213,550,475,FALSE,FALSE,FALSE,Native
214,195,900,TRUE,FALSE,FALSE,Fluent
215,269,812,TRUE,FALSE,TRUE,Intermediate
216,533,444,FALSE,FALSE,TRUE,Intermediate
217,583,576,TRUE,TRUE,TRUE,Fluent
218,641,946,FALSE,TRUE,TRUE,Beginner
219,81,810,FALSE,TRUE,FALSE,Beginner
220,354,763,FALSE,TRUE,FALSE,Intermediate
221,880,405,FALSE,TRUE,TRUE,Proficient
222,133,516,FALSE,TRUE,TRUE,Proficient
223,290,413,FALSE,FALSE,FALSE,Native
224,924,296,TRUE,TRUE,TRUE,Beginner
225,202,209,TRUE,TRUE,TRUE,Fluent
226,948,130,TRUE,TRUE,TRUE,Native
227,456,292,TRUE,FALSE,FALSE,Proficient
228,180,420,FALSE,FALSE,FALSE,Native
229,677,963,TRUE,TRUE,TRUE,Proficient
230,201,719,FALSE,FALSE,FALSE,Intermediate
231,881,488,TRUE,FALSE,FALSE,Intermediate
232,462,247,FALSE,TRUE,TRUE,Beginner
233,11,272,TRUE,FALSE,TRUE,Beginner
234,910,536,TRUE,FALSE,TRUE,Native
235,965,240,FALSE,TRUE,FALSE,Beginner
236,253,107,TRUE,FALSE,TRUE,Intermediate
237,376,183,FALSE,FALSE,TRUE,Native
238,930,984,TRUE,TRUE,TRUE,Intermediate
239,907,4,TRUE,TRUE,FALSE,Intermediate
240,216,355,FALSE,FALSE,TRUE,Native
241,505,503,FALSE,FALSE,FALSE,Fluent
242,52,868,TRUE,TRUE,TRUE,Beginner
243,984,475,TRUE,FALSE,TRUE,Proficient
244,306,615,FALSE,TRUE,TRUE,Beginner
245,960,213,TRUE,FALSE,FALSE,Native
246,276,957,FALSE,TRUE,FALSE,Intermediate
247,459,144,FALSE,FALSE,TRUE,Proficient
248,454,584,TRUE,TRUE,TRUE,Intermediate
249,594,801,TRUE,TRUE,TRUE,Native
250,703,95,FALSE,TRUE,TRUE,Beginner
251,204,40,FALSE,FALSE,FALSE,Native
252,391,471,TRUE,FALSE,FALSE,Native
253,829,75,TRUE,TRUE,TRUE,Beginner
254,135,785,FALSE,FALSE,FALSE,Intermediate
255,876,886,TRUE,FALSE,TRUE,Fluent
256,974,200,FALSE,TRUE,FALSE,Native
257,654,287,TRUE,FALSE,TRUE,Proficient
258,169,27,TRUE,FALSE,TRUE,Fluent
259,31,768,TRUE,TRUE,FALSE,Proficient
260,667,494,TRUE,TRUE,FALSE,Proficient
261,61,802,FALSE,FALSE,TRUE,Native
262,516,978,FALSE,TRUE,FALSE,Proficient
263,691,793,FALSE,FALSE,FALSE,Proficient
264,379,788,FALSE,TRUE,TRUE,Intermediate
265,417,63,TRUE,TRUE,TRUE,Proficient
266,523,776,TRUE,FALSE,FALSE,Intermediate
267,19,352,TRUE,FALSE,TRUE,Proficient
268,906,732,FALSE,FALSE,FALSE,Beginner
269,480,864,FALSE,TRUE,TRUE,Proficient
270,120,943,TRUE,TRUE,FALSE,Intermediate
271,402,701,TRUE,TRUE,TRUE,Beginner
272,289,744,FALSE,TRUE,TRUE,Intermediate
273,514,15,FALSE,TRUE,FALSE,Beginner
274,770,328,FALSE,FALSE,TRUE,Beginner
275,257,34,TRUE,TRUE,TRUE,Fluent
276,393,861,TRUE,FALSE,TRUE,Proficient
277,533,427,FALSE,TRUE,FALSE,Intermediate
278,143,677,FALSE,FALSE,TRUE,Proficient
279,251,537,TRUE,FALSE,FALSE,Fluent
280,617,687,FALSE,TRUE,FALSE,Beginner
281,864,137,TRUE,FALSE,FALSE,Fluent
282,212,41,TRUE,FALSE,TRUE,Fluent
283,426,519,FALSE,TRUE,FALSE,Proficient
284,871,220,FALSE,TRUE,FALSE,Proficient
285,347,534,TRUE,FALSE,TRUE,Beginner
286,750,535,FALSE,FALSE,FALSE,Fluent
287,420,255,FALSE,TRUE,FALSE,Native
288,821,625,TRUE,FALSE,TRUE,Intermediate
289,644,219,FALSE,FALSE,TRUE,Beginner
290,416,435,TRUE,FALSE,TRUE,Fluent
291,721,252,TRUE,TRUE,TRUE,Proficient
292,690,519,TRUE,TRUE,FALSE,Intermediate
293,462,128,FALSE,FALSE,FALSE,Beginner
294,758,653,TRUE,TRUE,TRUE,Intermediate
295,391,218,FALSE,FALSE,FALSE,Intermediate
296,866,580,FALSE,TRUE,TRUE,Native
297,823,7,TRUE,FALSE,TRUE,Proficient
298,292,352,TRUE,FALSE,TRUE,Native
299,654,364,FALSE,FALSE,TRUE,Fluent
300,185,979,TRUE,TRUE,FALSE,Native
301,381,756,TRUE,TRUE,TRUE,Intermediate
302,583,376,FALSE,TRUE,TRUE,Fluent
303,936,56,FALSE,FALSE,TRUE,Intermediate
304,446,67,FALSE,TRUE,TRUE,Native
305,484,844,FALSE,FALSE,TRUE,Native
306,883,462,TRUE,TRUE,FALSE,Fluent
307,707,895,FALSE,FALSE,FALSE,Fluent
308,925,715,FALSE,TRUE,FALSE,Native
309,161,101,FALSE,TRUE,TRUE,Native
310,560,981,TRUE,TRUE,FALSE,Beginner
311,503,549,FALSE,TRUE,FALSE,Native
312,59,907,TRUE,FALSE,FALSE,Intermediate
313,762,656,TRUE,FALSE,TRUE,Fluent
314,647,299,FALSE,TRUE,FALSE,Proficient
315,265,93,FALSE,FALSE,TRUE,Fluent
316,918,717,FALSE,FALSE,FALSE,Beginner
317,777,762,FALSE,FALSE,TRUE,Native
318,452,684,TRUE,TRUE,TRUE,Fluent
319,664,481,TRUE,TRUE,FALSE,Native
320,987,807,TRUE,FALSE,TRUE,Intermediate
321,685,932,FALSE,TRUE,FALSE,Intermediate
322,244,745,FALSE,TRUE,FALSE,Beginner
323,841,258,FALSE,TRUE,FALSE,Intermediate
324,948,748,FALSE,FALSE,FALSE,Beginner
325,941,620,TRUE,TRUE,FALSE,Intermediate
326,187,530,FALSE,FALSE,TRUE,Beginner
327,402,706,FALSE,TRUE,TRUE,Native
328,931,757,FALSE,FALSE,TRUE,Native
329,859,46,FALSE,TRUE,FALSE,Fluent
330,215,532,FALSE,TRUE,TRUE,Beginner
331,700,195,TRUE,FALSE,TRUE,Fluent
332,690,806,TRUE,FALSE,TRUE,Beginner
333,519,368,TRUE,FALSE,FALSE,Fluent
334,167,639,TRUE,FALSE,TRUE,Intermediate
335,590,685,FALSE,FALSE,FALSE,Native
336,92,401,FALSE,TRUE,FALSE,Beginner
337,544,208,FALSE,TRUE,TRUE,Beginner
338,155,479,TRUE,TRUE,TRUE,Proficient
339,940,359,FALSE,TRUE,TRUE,Fluent
340,222,785,TRUE,TRUE,FALSE,Proficient
341,586,775,FALSE,FALSE,TRUE,Proficient
342,841,483,FALSE,FALSE,TRUE,Intermediate
343,182,595,TRUE,TRUE,TRUE,Proficient
344,678,586,TRUE,TRUE,FALSE,Beginner
345,697,67,TRUE,FALSE,FALSE,Proficient
346,131,323,TRUE,FALSE,FALSE,Fluent
347,367,714,FALSE,FALSE,FALSE,Proficient
348,846,816,TRUE,FALSE,TRUE,Native
349,214,372,FALSE,TRUE,TRUE,Intermediate
350,659,777,TRUE,TRUE,FALSE,Fluent
351,378,745,FALSE,TRUE,FALSE,Intermediate
352,985,136,FALSE,TRUE,TRUE,Native
353,745,821,TRUE,TRUE,TRUE,Proficient
354,828,480,TRUE,FALSE,TRUE,Intermediate
355,447,490,FALSE,FALSE,FALSE,Beginner
356,510,342,FALSE,TRUE,TRUE,Native
357,217,601,TRUE,TRUE,FALSE,Proficient
358,270,59,FALSE,FALSE,FALSE,Fluent
359,283,677,FALSE,FALSE,TRUE,Intermediate
360,26,86,FALSE,TRUE,FALSE,Proficient
361,943,148,FALSE,FALSE,TRUE,Beginner
362,428,491,FALSE,TRUE,TRUE,Intermediate
363,483,784,FALSE,TRUE,FALSE,Fluent
364,269,146,FALSE,TRUE,FALSE,Beginner
365,230,117,FALSE,TRUE,TRUE,Beginner
366,41,166,TRUE,TRUE,TRUE,Intermediate
367,762,472,FALSE,TRUE,FALSE,Proficient
368,20,251,TRUE,TRUE,FALSE,Proficient
369,377,154,FALSE,FALSE,TRUE,Beginner
370,656,575,TRUE,TRUE,TRUE,Proficient
371,830,649,TRUE,TRUE,FALSE,Intermediate
372,33,307,FALSE,TRUE,TRUE,Beginner
373,749,904,TRUE,TRUE,FALSE,Intermediate
374,687,466,FALSE,TRUE,TRUE,Fluent
375,595,189,FALSE,FALSE,TRUE,Native
376,563,74,TRUE,TRUE,TRUE,Proficient
377,817,298,TRUE,FALSE,FALSE,Native
378,562,891,FALSE,TRUE,TRUE,Native
379,62,452,TRUE,TRUE,FALSE,Proficient
380,844,471,FALSE,TRUE,TRUE,Intermediate
381,695,216,TRUE,TRUE,TRUE,Beginner
382,636,481,TRUE,TRUE,TRUE,Intermediate
383,391,609,FALSE,FALSE,FALSE,Intermediate
384,643,181,FALSE,TRUE,FALSE,Fluent
385,805,572,TRUE,TRUE,FALSE,Beginner
386,863,974,TRUE,TRUE,FALSE,Native
387,841,782,TRUE,TRUE,TRUE,Native
388,690,487,TRUE,TRUE,TRUE,Intermediate
389,124,389,FALSE,FALSE,TRUE,Beginner
390,450,857,FALSE,TRUE,TRUE,Fluent
391,523,916,FALSE,TRUE,FALSE,Beginner
392,412,787,FALSE,FALSE,FALSE,Native
393,358,163,TRUE,TRUE,FALSE,Native
394,432,325,FALSE,TRUE,TRUE,Native
395,861,950,FALSE,FALSE,TRUE,Native
396,879,233,TRUE,TRUE,FALSE,Native
397,594,536,FALSE,TRUE,FALSE,Beginner
398,887,747,TRUE,TRUE,FALSE,Proficient
399,59,622,FALSE,FALSE,TRUE,Native
400,544,103,TRUE,TRUE,FALSE,Fluent
401,595,149,TRUE,FALSE,TRUE,Proficient
402,201,785,FALSE,TRUE,TRUE,Fluent
403,677,602,FALSE,FALSE,FALSE,Proficient
404,474,920,FALSE,TRUE,FALSE,Fluent
405,503,820,TRUE,FALSE,FALSE,Intermediate
406,886,676,FALSE,TRUE,FALSE,Native
407,783,732,TRUE,FALSE,TRUE,Proficient
408,751,91,TRUE,FALSE,FALSE,Proficient
409,116,275,FALSE,TRUE,TRUE,Proficient
410,162,74,FALSE,TRUE,TRUE,Proficient
411,851,66,FALSE,TRUE,FALSE,Proficient
412,622,460,FALSE,FALSE,TRUE,Proficient
413,774,928,FALSE,FALSE,TRUE,Proficient
414,883,245,FALSE,TRUE,TRUE,Native
415,59,180,FALSE,FALSE,FALSE,Beginner
416,592,474,FALSE,FALSE,FALSE,Native
417,493,825,FALSE,TRUE,FALSE,Fluent
418,892,835,TRUE,TRUE,FALSE,Proficient
419,658,242,FALSE,FALSE,TRUE,Proficient
420,232,396,TRUE,FALSE,TRUE,Fluent
421,239,395,TRUE,TRUE,FALSE,Fluent
422,560,964,TRUE,TRUE,TRUE,Proficient
423,926,367,FALSE,FALSE,TRUE,Native
424,628,681,FALSE,TRUE,TRUE,Intermediate
425,610,115,TRUE,TRUE,FALSE,Beginner
426,371,278,TRUE,TRUE,FALSE,Intermediate
427,254,201,FALSE,TRUE,TRUE,Beginner
428,415,707,TRUE,FALSE,FALSE,Native
429,493,183,FALSE,FALSE,TRUE,Beginner
430,380,170,TRUE,FALSE,TRUE,Native
431,867,748,TRUE,TRUE,FALSE,Fluent
432,820,358,FALSE,FALSE,TRUE,Proficient
433,517,640,TRUE,FALSE,FALSE,Proficient
434,569,544,TRUE,TRUE,TRUE,Native
435,355,521,TRUE,FALSE,FALSE,Beginner
436,881,275,FALSE,FALSE,TRUE,Fluent
437,275,78,FALSE,FALSE,FALSE,Intermediate
438,368,639,FALSE,FALSE,TRUE,Beginner
439,894,776,TRUE,FALSE,TRUE,Native
440,84,7,FALSE,TRUE,FALSE,Proficient
441,515,193,FALSE,FALSE,TRUE,Proficient
442,147,994,FALSE,FALSE,FALSE,Intermediate
443,80,144,TRUE,FALSE,TRUE,Proficient
444,925,555,FALSE,TRUE,TRUE,Native
445,837,354,TRUE,TRUE,FALSE,Fluent
446,287,988,FALSE,TRUE,TRUE,Native
447,21,975,FALSE,TRUE,FALSE,Proficient
448,964,131,TRUE,FALSE,FALSE,Intermediate
449,91,732,TRUE,FALSE,FALSE,Native
450,426,725,FALSE,FALSE,TRUE,Beginner
451,635,999,FALSE,FALSE,FALSE,Proficient
452,329,361,FALSE,FALSE,TRUE,Fluent
453,4,814,FALSE,TRUE,FALSE,Native
454,306,242,FALSE,FALSE,TRUE,Beginner
455,688,482,FALSE,FALSE,TRUE,Intermediate
456,286,244,FALSE,FALSE,FALSE,Intermediate
457,613,561,FALSE,TRUE,TRUE,Proficient
458,120,238,FALSE,TRUE,FALSE,Intermediate
459,760,604,TRUE,FALSE,FALSE,Native
460,365,403,FALSE,FALSE,TRUE,Proficient
461,994,592,TRUE,FALSE,TRUE,Fluent
462,664,911,FALSE,FALSE,FALSE,Intermediate
463,394,690,FALSE,FALSE,TRUE,Fluent
464,155,149,TRUE,TRUE,FALSE,Fluent
465,580,632,FALSE,TRUE,TRUE,Fluent
466,48,471,TRUE,TRUE,FALSE,Native
467,398,723,FALSE,FALSE,FALSE,Fluent
468,567,976,TRUE,TRUE,FALSE,Native
469,307,737,TRUE,TRUE,FALSE,Native
470,715,420,TRUE,TRUE,FALSE,Beginner
471,650,241,TRUE,FALSE,FALSE,Proficient
472,123,723,TRUE,FALSE,TRUE,Intermediate
473,147,118,TRUE,FALSE,TRUE,Native
474,271,320,FALSE,TRUE,TRUE,Intermediate
475,56,189,TRUE,FALSE,FALSE,Beginner
476,674,869,FALSE,TRUE,FALSE,Intermediate
477,901,301,TRUE,FALSE,TRUE,Fluent
478,107,945,FALSE,FALSE,FALSE,Native
479,68,776,TRUE,TRUE,TRUE,Fluent
480,252,705,FALSE,FALSE,FALSE,Fluent
481,346,575,TRUE,TRUE,FALSE,Proficient
482,490,405,TRUE,FALSE,FALSE,Proficient
483,353,81,TRUE,FALSE,FALSE,Intermediate
484,620,242,TRUE,FALSE,TRUE,Proficient
485,857,551,TRUE,TRUE,TRUE,Native
486,341,722,TRUE,TRUE,TRUE,Intermediate
487,879,614,TRUE,TRUE,FALSE,Proficient
488,704,207,TRUE,TRUE,FALSE,Beginner
489,597,199,TRUE,TRUE,FALSE,Fluent
490,407,410,FALSE,TRUE,FALSE,Fluent
491,408,136,FALSE,TRUE,TRUE,Proficient
492,472,386,TRUE,TRUE,TRUE,Proficient
493,747,672,TRUE,TRUE,FALSE,Proficient
494,618,938,TRUE,TRUE,TRUE,Native
495,21,189,FALSE,FALSE,TRUE,Proficient
496,471,674,TRUE,TRUE,TRUE,Proficient
497,432,865,FALSE,TRUE,TRUE,Beginner
498,366,737,FALSE,TRUE,FALSE,Intermediate
499,768,272,FALSE,FALSE,TRUE,Intermediate
500,482,574,FALSE,FALSE,FALSE,Intermediate
501,516,165,FALSE,TRUE,TRUE,Proficient
502,306,662,FALSE,FALSE,FALSE,Intermediate
503,671,974,TRUE,FALSE,FALSE,Native
504,449,964,TRUE,FALSE,TRUE,Fluent
505,851,209,FALSE,TRUE,TRUE,Fluent
506,628,173,TRUE,FALSE,TRUE,Beginner
507,400,364,FALSE,FALSE,FALSE,Proficient
508,673,340,FALSE,TRUE,TRUE,Proficient
509,441,739,FALSE,FALSE,TRUE,Fluent
510,209,276,TRUE,TRUE,TRUE,Fluent
511,437,142,TRUE,TRUE,FALSE,Fluent
512,566,723,TRUE,TRUE,TRUE,Fluent
513,183,768,TRUE,FALSE,TRUE,Intermediate
514,114,816,FALSE,FALSE,FALSE,Fluent
515,116,986,TRUE,TRUE,FALSE,Intermediate
516,181,263,FALSE,TRUE,TRUE,Proficient
517,3,546,FALSE,FALSE,FALSE,Beginner
518,382,702,TRUE,TRUE,FALSE,Proficient
519,790,146,TRUE,FALSE,TRUE,Fluent
520,56,767,FALSE,FALSE,FALSE,Fluent
521,332,511,TRUE,TRUE,TRUE,Native
522,351,645,TRUE,TRUE,FALSE,Beginner
523,920,576,TRUE,FALSE,FALSE,Fluent
524,688,3,TRUE,FALSE,TRUE,Native
525,499,805,TRUE,TRUE,FALSE,Intermediate
526,622,18,FALSE,FALSE,FALSE,Native
527,293,881,FALSE,FALSE,FALSE,Intermediate
528,961,117,FALSE,FALSE,FALSE,Fluent
529,411,846,FALSE,FALSE,TRUE,Beginner
530,89,208,TRUE,FALSE,TRUE,Proficient
531,836,710,FALSE,TRUE,FALSE,Proficient
532,521,637,TRUE,TRUE,FALSE,Fluent
533,2,980,TRUE,TRUE,FALSE,Intermediate
534,499,759,FALSE,TRUE,TRUE,Fluent
535,647,595,TRUE,FALSE,TRUE,Intermediate
536,931,579,TRUE,FALSE,TRUE,Beginner
537,868,797,TRUE,TRUE,FALSE,Native
538,727,698,TRUE,FALSE,FALSE,Beginner
539,906,9,FALSE,FALSE,TRUE,Beginner
540,439,798,FALSE,TRUE,TRUE,Fluent
541,883,461,FALSE,FALSE,TRUE,Intermediate
542,573,935,TRUE,FALSE,FALSE,Native
543,349,437,FALSE,TRUE,FALSE,Native
544,388,694,TRUE,TRUE,FALSE,Beginner
545,546,484,TRUE,FALSE,FALSE,Intermediate
546,443,931,FALSE,FALSE,TRUE,Fluent
547,877,41,FALSE,TRUE,FALSE,Native
548,374,21,TRUE,TRUE,FALSE,Fluent
549,91,714,TRUE,TRUE,FALSE,Intermediate
550,734,225,FALSE,TRUE,FALSE,Beginner
551,310,342,FALSE,TRUE,TRUE,Beginner
552,392,395,FALSE,TRUE,FALSE,Beginner
553,772,295,FALSE,FALSE,FALSE,Proficient
554,320,948,FALSE,TRUE,TRUE,Fluent
555,846,954,FALSE,FALSE,FALSE,Native
556,34,548,TRUE,TRUE,TRUE,Beginner
557,1000,263,TRUE,FALSE,TRUE,Beginner
558,499,922,TRUE,TRUE,FALSE,Fluent
559,96,322,FALSE,FALSE,FALSE,Native
560,403,258,FALSE,TRUE,TRUE,Fluent
561,220,814,TRUE,FALSE,FALSE,Native
562,331,417,TRUE,TRUE,TRUE,Fluent
563,90,966,FALSE,FALSE,FALSE,Proficient
564,446,281,FALSE,FALSE,FALSE,Native
565,478,239,FALSE,TRUE,FALSE,Intermediate
566,108,121,FALSE,TRUE,FALSE,Beginner
567,426,227,TRUE,FALSE,FALSE,Native
568,579,228,TRUE,FALSE,FALSE,Native
569,338,624,FALSE,FALSE,TRUE,Native
570,348,192,TRUE,FALSE,TRUE,Intermediate
571,135,299,FALSE,TRUE,TRUE,Native
572,745,518,TRUE,FALSE,TRUE,Native
573,690,356,TRUE,FALSE,FALSE,Proficient
574,414,748,FALSE,FALSE,FALSE,Fluent
575,675,316,FALSE,FALSE,TRUE,Beginner
576,122,368,TRUE,FALSE,TRUE,Beginner
577,358,610,TRUE,FALSE,FALSE,Native
578,795,461,FALSE,TRUE,FALSE,Fluent
579,576,326,FALSE,FALSE,TRUE,Fluent
580,379,962,TRUE,FALSE,FALSE,Proficient
581,1,466,TRUE,FALSE,FALSE,Proficient
582,645,33,FALSE,FALSE,TRUE,Beginner
583,988,225,TRUE,FALSE,TRUE,Proficient
584,670,167,FALSE,FALSE,FALSE,Intermediate
585,326,716,FALSE,FALSE,FALSE,Beginner
586,494,475,FALSE,TRUE,TRUE,Fluent
587,599,330,TRUE,FALSE,FALSE,Native
588,659,534,TRUE,FALSE,TRUE,Proficient
589,628,761,FALSE,FALSE,FALSE,Native
590,600,918,FALSE,TRUE,FALSE,Native
591,229,763,TRUE,TRUE,TRUE,Intermediate
592,515,952,FALSE,FALSE,TRUE,Proficient
593,360,495,FALSE,FALSE,TRUE,Intermediate
594,105,798,TRUE,FALSE,TRUE,Native
595,339,419,TRUE,FALSE,TRUE,Fluent
596,671,387,TRUE,TRUE,TRUE,Fluent
597,911,850,TRUE,TRUE,FALSE,Beginner
598,478,187,TRUE,TRUE,TRUE,Beginner
599,824,813,TRUE,FALSE,TRUE,Native
600,358,569,TRUE,TRUE,FALSE,Proficient
601,664,187,FALSE,FALSE,FALSE,Fluent
602,42,110,TRUE,TRUE,FALSE,Beginner
603,674,368,TRUE,TRUE,FALSE,Fluent
604,610,998,TRUE,TRUE,TRUE,Fluent
605,825,865,TRUE,FALSE,TRUE,Proficient
606,898,516,TRUE,TRUE,TRUE,Fluent
607,668,22,FALSE,TRUE,FALSE,Beginner
608,677,999,FALSE,FALSE,FALSE,Proficient
609,337,486,FALSE,FALSE,FALSE,Intermediate
610,617,552,TRUE,TRUE,TRUE,Beginner
611,356,645,FALSE,FALSE,FALSE,Fluent
612,980,784,TRUE,TRUE,TRUE,Beginner
613,534,90,FALSE,TRUE,TRUE,Proficient
614,672,115,TRUE,TRUE,FALSE,Beginner
615,85,244,FALSE,FALSE,TRUE,Intermediate
616,27,737,FALSE,TRUE,TRUE,Intermediate
617,556,84,TRUE,TRUE,FALSE,Beginner
618,259,482,FALSE,TRUE,FALSE,Proficient
619,114,547,TRUE,FALSE,TRUE,Native
620,697,59,TRUE,FALSE,FALSE,Fluent
621,974,349,FALSE,FALSE,TRUE,Intermediate
622,346,226,TRUE,TRUE,FALSE,Fluent
623,117,185,FALSE,FALSE,TRUE,Fluent
624,134,841,FALSE,TRUE,TRUE,Proficient
625,227,734,FALSE,FALSE,TRUE,Native
626,320,872,TRUE,TRUE,FALSE,Beginner
627,449,265,TRUE,TRUE,FALSE,Intermediate
628,251,570,FALSE,TRUE,FALSE,Fluent
629,121,300,FALSE,TRUE,FALSE,Intermediate
630,605,304,TRUE,TRUE,TRUE,Beginner
631,191,427,TRUE,TRUE,TRUE,Native
632,859,62,FALSE,FALSE,TRUE,Native
633,168,451,TRUE,FALSE,TRUE,Native
634,577,722,FALSE,TRUE,FALSE,Proficient
635,422,487,TRUE,TRUE,FALSE,Intermediate
636,563,743,TRUE,TRUE,FALSE,Native
637,725,251,TRUE,FALSE,FALSE,Intermediate
638,14,53,FALSE,TRUE,TRUE,Intermediate
639,598,509,FALSE,FALSE,TRUE,Native
640,206,67,FALSE,FALSE,FALSE,Beginner
641,728,411,TRUE,TRUE,TRUE,Beginner
642,574,45,FALSE,FALSE,TRUE,Proficient
643,155,688,FALSE,FALSE,FALSE,Beginner
644,589,749,FALSE,TRUE,TRUE,Beginner
645,603,88,FALSE,FALSE,TRUE,Beginner
646,624,520,TRUE,FALSE,TRUE,Proficient
647,68,657,TRUE,TRUE,FALSE,Proficient
648,722,607,FALSE,FALSE,FALSE,Fluent
649,882,943,FALSE,TRUE,TRUE,Intermediate
650,511,242,FALSE,FALSE,TRUE,Proficient
651,206,315,FALSE,FALSE,FALSE,Proficient
652,93,20,FALSE,TRUE,TRUE,Native
653,189,299,FALSE,FALSE,FALSE,Intermediate
654,547,432,TRUE,FALSE,TRUE,Proficient
655,281,824,TRUE,TRUE,TRUE,Intermediate
656,45,453,TRUE,TRUE,TRUE,Proficient
657,577,685,FALSE,FALSE,TRUE,Intermediate
658,579,580,TRUE,FALSE,TRUE,Native
659,806,751,FALSE,TRUE,FALSE,Proficient
660,828,850,FALSE,FALSE,FALSE,Fluent
661,364,614,FALSE,TRUE,FALSE,Native
662,982,85,TRUE,FALSE,FALSE,Proficient
663,731,225,FALSE,TRUE,TRUE,Intermediate
664,316,788,TRUE,TRUE,FALSE,Native
665,821,481,TRUE,FALSE,TRUE,Fluent
666,783,716,TRUE,FALSE,TRUE,Proficient
667,415,590,TRUE,TRUE,TRUE,Intermediate
668,989,478,FALSE,TRUE,FALSE,Fluent
669,956,747,FALSE,FALSE,FALSE,Proficient
670,593,929,TRUE,FALSE,FALSE,Native
671,395,270,TRUE,TRUE,TRUE,Fluent
672,526,802,FALSE,FALSE,TRUE,Intermediate
673,909,61,FALSE,FALSE,FALSE,Fluent
674,420,803,TRUE,FALSE,TRUE,Intermediate
675,616,655,TRUE,FALSE,FALSE,Intermediate
676,378,459,FALSE,TRUE,TRUE,Proficient
677,429,39,FALSE,FALSE,FALSE,Intermediate
678,763,845,FALSE,TRUE,TRUE,Beginner
679,674,153,TRUE,FALSE,FALSE,Intermediate
680,694,986,FALSE,TRUE,TRUE,Native
681,557,221,FALSE,TRUE,FALSE,Beginner
682,368,447,FALSE,FALSE,TRUE,Native
683,848,539,TRUE,TRUE,TRUE,Intermediate
684,489,106,TRUE,TRUE,FALSE,Native
685,83,857,TRUE,FALSE,TRUE,Beginner
686,999,742,TRUE,FALSE,TRUE,Native
687,434,466,TRUE,TRUE,TRUE,Native
688,426,798,TRUE,TRUE,FALSE,Proficient
689,839,277,TRUE,FALSE,FALSE,Intermediate
690,444,296,FALSE,TRUE,TRUE,Intermediate
691,493,829,TRUE,TRUE,FALSE,Intermediate
692,87,719,FALSE,FALSE,FALSE,Proficient
693,678,370,TRUE,TRUE,FALSE,Beginner
694,709,447,TRUE,TRUE,FALSE,Beginner
695,889,481,FALSE,FALSE,TRUE,Fluent
696,737,91,FALSE,TRUE,FALSE,Fluent
697,693,153,FALSE,FALSE,TRUE,Intermediate
698,41,430,FALSE,FALSE,FALSE,Intermediate
699,553,945,TRUE,TRUE,TRUE,Proficient
700,279,887,FALSE,TRUE,TRUE,Native
701,755,233,TRUE,TRUE,FALSE,Proficient
702,2,458,FALSE,FALSE,TRUE,Intermediate
703,145,711,TRUE,TRUE,TRUE,Beginner
704,76,538,TRUE,TRUE,TRUE,Beginner
705,67,527,TRUE,FALSE,TRUE,Native
706,101,407,TRUE,FALSE,TRUE,Fluent
707,887,807,FALSE,TRUE,TRUE,Proficient
708,584,654,TRUE,FALSE,FALSE,Proficient
709,666,67,FALSE,TRUE,TRUE,Native
710,554,567,FALSE,FALSE,FALSE,Native
711,153,650,TRUE,TRUE,FALSE,Intermediate
712,19,468,FALSE,TRUE,FALSE,Native
713,215,364,FALSE,FALSE,TRUE,Beginner
714,583,652,FALSE,TRUE,TRUE,Proficient
715,454,631,FALSE,TRUE,FALSE,Intermediate
716,580,248,FALSE,FALSE,FALSE,Fluent
717,269,163,TRUE,TRUE,TRUE,Intermediate
718,833,857,TRUE,FALSE,FALSE,Beginner
719,854,258,FALSE,TRUE,FALSE,Fluent
720,219,97,TRUE,TRUE,TRUE,Intermediate
721,181,121,FALSE,TRUE,TRUE,Native
722,578,26,FALSE,TRUE,FALSE,Beginner
723,498,767,TRUE,TRUE,FALSE,Fluent
724,432,314,FALSE,TRUE,FALSE,Proficient
725,407,445,TRUE,FALSE,FALSE,Beginner
726,443,647,TRUE,FALSE,FALSE,Fluent
727,633,353,TRUE,TRUE,TRUE,Intermediate
728,363,648,FALSE,FALSE,TRUE,Beginner
729,838,388,FALSE,FALSE,FALSE,Proficient
730,485,956,TRUE,FALSE,FALSE,Proficient
731,125,540,FALSE,TRUE,FALSE,Native
732,531,786,FALSE,TRUE,FALSE,Beginner
733,445,323,FALSE,TRUE,FALSE,Beginner
734,434,832,TRUE,TRUE,FALSE,Native
735,849,89,TRUE,TRUE,TRUE,Beginner
736,639,289,FALSE,TRUE,TRUE,Proficient
737,280,225,FALSE,TRUE,TRUE,Intermediate
738,249,858,FALSE,TRUE,FALSE,Intermediate
739,760,68,FALSE,FALSE,TRUE,Proficient
740,19,576,FALSE,FALSE,TRUE,Fluent
741,466,872,FALSE,TRUE,TRUE,Beginner
742,22,926,TRUE,FALSE,FALSE,Proficient
743,162,557,FALSE,FALSE,TRUE,Native
744,552,565,FALSE,TRUE,FALSE,Intermediate
745,594,373,FALSE,FALSE,FALSE,Fluent
746,988,249,FALSE,TRUE,FALSE,Fluent
747,5,108,FALSE,FALSE,TRUE,Fluent
748,566,183,FALSE,FALSE,FALSE,Proficient
749,153,713,TRUE,FALSE,TRUE,Beginner
750,860,521,TRUE,TRUE,TRUE,Proficient
751,702,790,FALSE,FALSE,TRUE,Proficient
752,887,451,TRUE,FALSE,TRUE,Beginner
753,603,893,FALSE,FALSE,TRUE,Fluent
754,161,536,TRUE,FALSE,FALSE,Beginner
755,985,352,TRUE,FALSE,TRUE,Native
756,562,608,FALSE,FALSE,TRUE,Intermediate
757,709,848,TRUE,TRUE,TRUE,Intermediate
758,205,710,TRUE,FALSE,FALSE,Intermediate
759,768,150,TRUE,TRUE,TRUE,Native
760,420,640,FALSE,FALSE,TRUE,Fluent
761,912,180,TRUE,TRUE,TRUE,Native
762,350,771,TRUE,TRUE,FALSE,Fluent
763,979,488,TRUE,FALSE,TRUE,Fluent
764,842,927,TRUE,FALSE,TRUE,Intermediate
765,128,265,FALSE,TRUE,TRUE,Beginner
766,221,776,TRUE,TRUE,FALSE,Intermediate
767,503,479,FALSE,FALSE,FALSE,Proficient
768,107,583,TRUE,FALSE,FALSE,Native
769,606,991,FALSE,TRUE,TRUE,Beginner
770,960,382,TRUE,FALSE,TRUE,Proficient
771,504,539,TRUE,TRUE,TRUE,Beginner
772,719,227,FALSE,TRUE,TRUE,Fluent
773,490,527,TRUE,FALSE,TRUE,Beginner
774,390,58,FALSE,FALSE,TRUE,Fluent
775,522,313,FALSE,TRUE,FALSE,Fluent
776,291,865,FALSE,TRUE,FALSE,Native
777,88,669,TRUE,FALSE,FALSE,Proficient
778,100,9,FALSE,TRUE,TRUE,Beginner
779,219,148,FALSE,TRUE,FALSE,Native
780,155,173,FALSE,TRUE,TRUE,Native
781,103,175,FALSE,TRUE,TRUE,Native
782,791,830,FALSE,FALSE,FALSE,Proficient
783,768,87,FALSE,FALSE,TRUE,Fluent
784,551,968,FALSE,FALSE,FALSE,Proficient
785,764,502,TRUE,TRUE,FALSE,Native
786,5,990,TRUE,FALSE,TRUE,Fluent
787,83,529,TRUE,FALSE,TRUE,Proficient
788,218,577,FALSE,FALSE,TRUE,Proficient
789,79,419,FALSE,TRUE,FALSE,Intermediate
790,186,308,FALSE,FALSE,TRUE,Native
791,723,322,TRUE,TRUE,TRUE,Fluent
792,898,889,FALSE,FALSE,TRUE,Native
793,66,704,TRUE,TRUE,TRUE,Beginner
794,345,515,TRUE,FALSE,TRUE,Proficient
795,670,785,FALSE,FALSE,FALSE,Native
796,801,900,FALSE,FALSE,FALSE,Native
797,394,838,TRUE,FALSE,FALSE,Intermediate
798,668,236,TRUE,FALSE,TRUE,Native
799,246,252,TRUE,FALSE,TRUE,Beginner
800,622,158,TRUE,FALSE,FALSE,Fluent
801,329,217,TRUE,TRUE,FALSE,Beginner
802,209,224,TRUE,TRUE,FALSE,Fluent
803,407,818,TRUE,TRUE,TRUE,Proficient
804,520,200,FALSE,TRUE,TRUE,Fluent
805,560,335,FALSE,TRUE,TRUE,Intermediate
806,103,776,TRUE,FALSE,TRUE,Intermediate
807,186,824,TRUE,TRUE,FALSE,Proficient
808,217,906,FALSE,FALSE,TRUE,Proficient
809,421,743,TRUE,FALSE,TRUE,Intermediate
810,21,871,TRUE,TRUE,FALSE,Beginner
811,115,152,FALSE,FALSE,FALSE,Fluent
812,331,454,TRUE,TRUE,FALSE,Proficient
813,534,536,TRUE,TRUE,TRUE,Proficient
814,580,348,FALSE,FALSE,FALSE,Intermediate
815,942,508,TRUE,TRUE,FALSE,Proficient
816,381,375,FALSE,FALSE,TRUE,Intermediate
817,401,453,TRUE,TRUE,FALSE,Fluent
818,306,566,TRUE,TRUE,TRUE,Intermediate
819,767,336,TRUE,TRUE,FALSE,Intermediate
820,747,694,FALSE,TRUE,TRUE,Fluent
821,874,450,TRUE,FALSE,TRUE,Intermediate
822,200,264,TRUE,FALSE,TRUE,Beginner
823,640,213,TRUE,TRUE,FALSE,Proficient
824,582,339,FALSE,FALSE,TRUE,Fluent
825,153,89,FALSE,FALSE,FALSE,Fluent
826,984,871,FALSE,FALSE,FALSE,Proficient
827,733,136,FALSE,FALSE,TRUE,Fluent
828,75,28,FALSE,FALSE,FALSE,Intermediate
829,305,512,FALSE,TRUE,TRUE,Intermediate
830,440,353,TRUE,FALSE,FALSE,Native
831,889,188,FALSE,FALSE,FALSE,Beginner
832,136,727,TRUE,FALSE,FALSE,Native
833,906,293,FALSE,FALSE,TRUE,Fluent
834,390,665,TRUE,FALSE,TRUE,Beginner
835,479,511,FALSE,FALSE,FALSE,Beginner
836,702,269,TRUE,TRUE,TRUE,Intermediate
837,950,281,TRUE,TRUE,FALSE,Fluent
838,816,243,FALSE,FALSE,TRUE,Beginner
839,826,999,TRUE,FALSE,FALSE,Beginner
840,184,773,TRUE,TRUE,FALSE,Proficient
841,760,353,FALSE,TRUE,TRUE,Beginner
842,768,463,TRUE,TRUE,FALSE,Intermediate
843,352,808,FALSE,TRUE,FALSE,Proficient
844,743,484,TRUE,FALSE,TRUE,Fluent
845,100,288,FALSE,FALSE,FALSE,Proficient
846,944,462,TRUE,TRUE,FALSE,Native
847,639,921,TRUE,TRUE,FALSE,Intermediate
848,876,840,FALSE,FALSE,TRUE,Intermediate
849,824,64,TRUE,TRUE,TRUE,Fluent
850,770,253,TRUE,TRUE,TRUE,Proficient
851,836,664,TRUE,TRUE,FALSE,Proficient
852,177,111,TRUE,TRUE,FALSE,Intermediate
853,557,281,TRUE,FALSE,FALSE,Intermediate
854,803,812,FALSE,TRUE,FALSE,Native
855,666,605,FALSE,FALSE,FALSE,Fluent
856,929,810,TRUE,FALSE,FALSE,Intermediate
857,876,831,FALSE,FALSE,TRUE,Beginner
858,962,123,FALSE,TRUE,FALSE,Proficient
859,994,704,TRUE,FALSE,TRUE,Intermediate
860,778,171,FALSE,TRUE,FALSE,Intermediate
861,867,17,TRUE,FALSE,TRUE,Native
862,718,301,FALSE,TRUE,TRUE,Beginner
863,198,754,FALSE,FALSE,FALSE,Proficient
864,924,498,TRUE,TRUE,TRUE,Intermediate
865,364,140,FALSE,TRUE,TRUE,Native
866,114,754,TRUE,FALSE,FALSE,Beginner
867,873,807,FALSE,FALSE,TRUE,Proficient
868,29,696,FALSE,TRUE,FALSE,Fluent
869,595,826,TRUE,FALSE,FALSE,Intermediate
870,735,914,TRUE,TRUE,TRUE,Beginner
871,413,545,FALSE,TRUE,FALSE,Beginner
872,789,481,FALSE,FALSE,TRUE,Proficient
873,495,330,TRUE,TRUE,TRUE,Fluent
874,690,859,FALSE,TRUE,FALSE,Proficient
875,230,44,FALSE,FALSE,FALSE,Native
876,61,884,TRUE,TRUE,FALSE,Fluent
877,738,519,FALSE,TRUE,FALSE,Native
878,890,965,FALSE,FALSE,TRUE,Native
879,89,642,FALSE,TRUE,TRUE,Intermediate
880,796,144,FALSE,FALSE,TRUE,Intermediate
881,778,280,FALSE,TRUE,FALSE,Beginner
882,161,385,FALSE,FALSE,TRUE,Fluent
883,625,201,TRUE,FALSE,FALSE,Native
884,291,112,FALSE,FALSE,TRUE,Proficient
885,636,23,FALSE,TRUE,FALSE,Intermediate
886,545,625,FALSE,FALSE,TRUE,Beginner
887,156,233,TRUE,TRUE,FALSE,Beginner
888,856,954,TRUE,TRUE,FALSE,Intermediate
889,991,197,TRUE,TRUE,TRUE,Fluent
890,280,781,TRUE,TRUE,TRUE,Proficient
891,488,23,FALSE,FALSE,FALSE,Intermediate
892,970,666,FALSE,TRUE,FALSE,Native
893,749,909,TRUE,TRUE,TRUE,Native
894,706,991,FALSE,TRUE,FALSE,Intermediate
895,733,634,FALSE,FALSE,FALSE,Fluent
896,834,913,TRUE,FALSE,TRUE,Native
897,132,507,TRUE,FALSE,TRUE,Intermediate
898,877,969,TRUE,FALSE,TRUE,Native
899,370,551,FALSE,TRUE,FALSE,Fluent
900,558,756,FALSE,FALSE,TRUE,Native
901,432,656,TRUE,FALSE,FALSE,Fluent
902,840,346,FALSE,TRUE,FALSE,Beginner
903,290,70,FALSE,FALSE,TRUE,Native
904,843,459,FALSE,TRUE,FALSE,Native
905,200,437,FALSE,TRUE,TRUE,Native
906,973,75,TRUE,FALSE,TRUE,Beginner
907,797,587,FALSE,FALSE,FALSE,Fluent
908,317,996,TRUE,FALSE,FALSE,Intermediate
909,147,695,TRUE,TRUE,FALSE,Proficient
910,70,396,FALSE,FALSE,FALSE,Intermediate
911,764,44,FALSE,FALSE,FALSE,Beginner
912,275,347,TRUE,FALSE,FALSE,Intermediate
913,811,614,FALSE,FALSE,FALSE,Native
914,477,132,FALSE,TRUE,TRUE,Fluent
915,865,602,FALSE,TRUE,FALSE,Fluent
916,990,124,FALSE,TRUE,TRUE,Intermediate
917,867,349,TRUE,TRUE,FALSE,Beginner
918,481,271,FALSE,FALSE,TRUE,Native
919,618,743,FALSE,TRUE,FALSE,Beginner
920,248,154,FALSE,FALSE,TRUE,Beginner
921,226,488,FALSE,TRUE,FALSE,Beginner
922,399,964,FALSE,TRUE,FALSE,Beginner
923,707,683,FALSE,FALSE,TRUE,Intermediate
924,142,953,FALSE,TRUE,FALSE,Fluent
925,722,350,TRUE,FALSE,TRUE,Fluent
926,126,257,FALSE,FALSE,TRUE,Intermediate
927,770,394,FALSE,FALSE,TRUE,Intermediate
928,131,386,FALSE,FALSE,TRUE,Proficient
929,820,791,FALSE,FALSE,FALSE,Proficient
930,446,336,TRUE,TRUE,TRUE,Native
931,363,728,FALSE,TRUE,FALSE,Intermediate
932,227,573,TRUE,TRUE,TRUE,Proficient
933,865,950,TRUE,FALSE,FALSE,Intermediate
934,268,924,TRUE,TRUE,TRUE,Fluent
935,673,5,FALSE,FALSE,TRUE,Beginner
936,347,541,TRUE,FALSE,FALSE,Fluent
937,979,143,TRUE,FALSE,TRUE,Beginner
938,519,16,TRUE,FALSE,FALSE,Proficient
939,120,837,FALSE,TRUE,TRUE,Proficient
940,107,281,FALSE,TRUE,TRUE,Beginner
941,977,356,TRUE,FALSE,FALSE,Native
942,21,515,FALSE,TRUE,TRUE,Native
943,737,762,TRUE,FALSE,TRUE,Beginner
944,560,318,FALSE,FALSE,TRUE,Fluent
945,101,646,FALSE,TRUE,FALSE,Beginner
946,118,370,FALSE,FALSE,TRUE,Fluent
947,668,495,TRUE,FALSE,FALSE,Intermediate
948,849,518,FALSE,TRUE,TRUE,Beginner
949,659,929,TRUE,TRUE,TRUE,Beginner
950,101,282,TRUE,TRUE,FALSE,Beginner
951,756,363,FALSE,TRUE,TRUE,Intermediate
952,60,361,TRUE,FALSE,FALSE,Native
953,622,419,TRUE,TRUE,TRUE,Intermediate
954,217,623,FALSE,TRUE,TRUE,Native
955,928,310,TRUE,FALSE,TRUE,Native
956,569,836,TRUE,FALSE,TRUE,Intermediate
957,317,433,FALSE,TRUE,FALSE,Intermediate
958,190,29,FALSE,TRUE,FALSE,Proficient
959,514,671,FALSE,FALSE,TRUE,Beginner
960,691,548,FALSE,TRUE,FALSE,Native
961,257,801,FALSE,FALSE,TRUE,Native
962,416,654,TRUE,TRUE,TRUE,Proficient
963,355,31,FALSE,TRUE,FALSE,Intermediate
964,206,30,TRUE,FALSE,TRUE,Beginner
965,100,135,TRUE,TRUE,TRUE,Beginner
966,544,329,TRUE,TRUE,FALSE,Native
967,555,910,FALSE,TRUE,FALSE,Fluent
968,49,190,FALSE,TRUE,FALSE,Intermediate
969,953,546,TRUE,FALSE,TRUE,Intermediate
970,912,576,TRUE,FALSE,TRUE,Fluent
971,979,930,FALSE,FALSE,TRUE,Native
972,826,303,FALSE,FALSE,TRUE,Fluent
973,407,898,FALSE,TRUE,FALSE,Native
974,808,817,FALSE,FALSE,FALSE,Fluent
975,683,829,FALSE,FALSE,FALSE,Proficient
976,411,490,TRUE,TRUE,FALSE,Fluent
977,998,81,TRUE,TRUE,TRUE,Native
978,188,516,TRUE,TRUE,TRUE,Intermediate
979,505,925,FALSE,TRUE,TRUE,Beginner
980,847,677,FALSE,TRUE,TRUE,Beginner
981,629,899,FALSE,FALSE,TRUE,Beginner
982,472,970,FALSE,TRUE,FALSE,Native
983,971,83,FALSE,TRUE,TRUE,Proficient
984,268,210,TRUE,FALSE,FALSE,Beginner
985,281,349,FALSE,FALSE,TRUE,Intermediate
986,172,146,FALSE,FALSE,TRUE,Beginner
987,481,636,FALSE,FALSE,TRUE,Fluent
988,617,906,TRUE,TRUE,TRUE,Proficient
989,596,643,FALSE,TRUE,FALSE,Beginner
990,336,252,FALSE,FALSE,TRUE,Native
991,129,220,TRUE,FALSE,TRUE,Fluent
992,76,846,FALSE,FALSE,FALSE,Beginner
993,381,536,TRUE,TRUE,TRUE,Proficient
994,48,891,TRUE,TRUE,FALSE,Fluent
995,360,607,FALSE,TRUE,FALSE,Proficient
996,306,395,FALSE,FALSE,TRUE,Fluent
997,45,15,FALSE,FALSE,FALSE,Proficient
998,674,958,FALSE,TRUE,TRUE,Fluent
999,874,379,TRUE,TRUE,FALSE,Native
1000,692,633,FALSE,FALSE,TRUE,Intermediate
