GTS_USER_ID,GTS_USER_PRIMARY_EMAIL,GTS_USER_PASSWORD,GTS_USER_STATUS,GTS_USER_LOGIN_TRIES,GTS_USER_COUNTRY_CODE,GTS_PRIMARY_CONTACT_NUMBER,GTS_PRIMARY_CONTACT_IS_VALIDATED,GTS_USER_EMAIL_IS_VALIDATED,USER_LOGGING_TIME
1,mfarfoot0@mayoclinic.com,P@ssw0rd123,TRUE,4,930,703-248-8496,TRUE,FALSE,10-01-2021
2,ttrewin1@trellian.com,P@ssw0rd123,FALSE,4,829,328-393-9460,TRUE,TRUE,9/26/2021
3,ndingate2@icq.com,Temp@321,TRUE,2,275,538-239-9473,TRUE,TRUE,12-11-2021
4,ajarrelt3@jalbum.net,P@ssw0rd123,TRUE,3,955,170-566-4914,TRUE,TRUE,08-01-2021
5,pconey4@nba.com,P@ssw0rd123,TRUE,3,283,361-785-5046,FALSE,FALSE,08-06-2021
6,cmorgue5@gizmodo.com,Welcome123,TRUE,1,683,941-240-8521,TRUE,TRUE,8/16/2021
7,sbearward6@surveymonkey.com,Temp@321,FALSE,4,301,835-443-4837,FALSE,TRUE,10/17/2021
8,cnickoll7@google.it,Welcome123,TRUE,2,812,364-844-8451,TRUE,FALSE,9/21/2021
9,fmccrackem8@geocities.com,P@ssw0rd123,FALSE,1,847,391-933-2149,TRUE,TRUE,10-11-2021
10,pgrigolashvill9@netlog.com,Welcome123,TRUE,2,777,334-332-9743,FALSE,FALSE,9/30/2021
11,sdranfielda@ifeng.com,Temp@321,TRUE,5,649,510-363-2834,TRUE,TRUE,10-11-2021
12,sbartoschb@wufoo.com,Temp@321,TRUE,0,572,831-270-5053,TRUE,FALSE,12/16/2021
13,lsailorc@weather.com,Temp@321,TRUE,3,160,860-685-8265,FALSE,FALSE,12/18/2021
14,pmcdermottrowd@dropbox.com,P@ssw0rd123,FALSE,5,285,200-896-5877,FALSE,FALSE,9/24/2021
15,cbraghinie@altervista.org,Temp@321,TRUE,1,60,506-219-9347,TRUE,FALSE,11/29/2021
16,abondsf@dion.ne.jp,P@ssw0rd123,TRUE,1,163,508-720-5635,TRUE,FALSE,11/28/2021
17,khubbuckg@yahoo.com,P@ssw0rd123,TRUE,1,603,170-954-6767,FALSE,FALSE,8/25/2021
18,rmorewoodh@adobe.com,Temp@321,FALSE,2,777,230-397-8046,TRUE,TRUE,12/25/2021
19,mmatczaki@vimeo.com,Welcome123,TRUE,3,641,668-917-4834,FALSE,FALSE,10/14/2021
20,kgourliej@aol.com,Temp@321,TRUE,1,473,749-772-1657,TRUE,TRUE,12/21/2021
21,bsavink@epa.gov,P@ssw0rd123,FALSE,3,863,935-846-6279,FALSE,FALSE,9/15/2021
22,lsowleyl@cbsnews.com,Temp@321,FALSE,1,219,366-450-6080,FALSE,TRUE,9/20/2021
23,ltrevethanm@instagram.com,Welcome123,TRUE,4,239,298-858-4601,TRUE,FALSE,11/19/2021
24,jvogeln@scribd.com,Temp@321,TRUE,2,796,720-832-1613,TRUE,TRUE,09-06-2021
25,mnafzgero@mayoclinic.com,Welcome123,FALSE,2,813,667-832-8850,TRUE,FALSE,12/19/2021
26,cmurpheyp@cbc.ca,P@ssw0rd123,FALSE,4,478,569-311-1524,TRUE,FALSE,10/26/2021
27,ehazletonq@va.gov,P@ssw0rd123,TRUE,5,377,968-211-6324,FALSE,TRUE,9/20/2021
28,hballchinr@so-net.ne.jp,Welcome123,FALSE,4,534,466-398-7709,TRUE,FALSE,12-02-2021
29,rpolons@surveymonkey.com,Temp@321,FALSE,5,439,369-834-1334,FALSE,TRUE,7/28/2021
30,ppinchent@freewebs.com,Welcome123,TRUE,2,340,439-247-9392,FALSE,TRUE,12-11-2021
31,rtembyu@ted.com,P@ssw0rd123,FALSE,4,9,772-517-6097,TRUE,TRUE,09-10-2021
32,jnerhenyv@mayoclinic.com,P@ssw0rd123,TRUE,1,949,761-531-8614,FALSE,TRUE,7/19/2021
33,mbosherw@angelfire.com,Temp@321,TRUE,2,475,308-456-0674,TRUE,TRUE,10/23/2021
34,wcestardx@hc360.com,P@ssw0rd123,FALSE,4,817,768-394-7796,TRUE,FALSE,09-01-2021
35,ofairyy@github.com,P@ssw0rd123,TRUE,4,160,119-763-9984,TRUE,TRUE,08-09-2021
36,jbraamz@umn.edu,Temp@321,TRUE,3,444,771-658-3828,TRUE,TRUE,10/13/2021
37,dmarcq10@statcounter.com,Welcome123,TRUE,5,194,333-725-0407,TRUE,FALSE,8/16/2021
38,kpatullo11@auda.org.au,P@ssw0rd123,TRUE,3,983,232-848-8528,FALSE,TRUE,11-07-2021
39,thurler12@flavors.me,Welcome123,TRUE,3,893,264-163-2093,TRUE,FALSE,12/30/2021
40,pwyeth13@yolasite.com,Temp@321,FALSE,2,791,731-838-6804,TRUE,TRUE,10/19/2021
41,acampagne14@home.pl,P@ssw0rd123,TRUE,4,659,373-679-5281,FALSE,FALSE,11/17/2021
42,dadam15@fc2.com,P@ssw0rd123,FALSE,3,294,915-642-8610,FALSE,TRUE,10/14/2021
43,sheinke16@umich.edu,Welcome123,TRUE,0,654,513-323-5460,TRUE,FALSE,7/23/2021
44,hpitrasso17@walmart.com,Temp@321,TRUE,3,794,369-373-9555,TRUE,FALSE,07-03-2021
45,jflawith18@vkontakte.ru,P@ssw0rd123,FALSE,0,359,915-994-8654,TRUE,TRUE,07-10-2021
46,wshenfish19@smugmug.com,Temp@321,FALSE,4,403,900-449-8413,TRUE,FALSE,08-01-2021
47,bterrington1a@edublogs.org,Temp@321,TRUE,1,641,199-250-8893,FALSE,TRUE,10-11-2021
48,pboscher1b@imgur.com,P@ssw0rd123,TRUE,3,811,968-414-2849,TRUE,FALSE,7/22/2021
49,rtassell1c@seesaa.net,Temp@321,TRUE,3,716,174-730-5224,TRUE,FALSE,10/16/2021
50,mvenour1d@newyorker.com,P@ssw0rd123,FALSE,0,437,101-595-6930,TRUE,FALSE,7/17/2021
51,cgood1e@squidoo.com,Welcome123,FALSE,2,250,502-204-7278,FALSE,TRUE,7/17/2021
52,jgrishaev1f@purevolume.com,Welcome123,FALSE,5,553,704-961-0400,FALSE,TRUE,11-08-2021
53,gspellesy1g@behance.net,P@ssw0rd123,TRUE,1,31,647-800-8924,TRUE,TRUE,12/17/2021
54,ycranmere1h@themeforest.net,Welcome123,FALSE,3,975,352-335-5093,FALSE,FALSE,11-05-2021
55,bgatcliff1i@sitemeter.com,Welcome123,FALSE,3,223,217-722-6984,TRUE,FALSE,9/20/2021
56,mwixon1j@topsy.com,Temp@321,TRUE,1,872,110-421-2162,FALSE,TRUE,10/31/2021
57,nbrucker1k@printfriendly.com,Temp@321,TRUE,3,406,122-510-2258,TRUE,TRUE,9/13/2021
58,tantrim1l@intel.com,Temp@321,FALSE,2,315,488-667-0501,FALSE,TRUE,11-04-2021
59,ggiovannelli1m@hud.gov,P@ssw0rd123,FALSE,3,217,585-653-4795,FALSE,TRUE,9/15/2021
60,lbettinson1n@rambler.ru,Temp@321,FALSE,3,325,452-703-9295,TRUE,FALSE,12-04-2021
61,imcasparan1o@paginegialle.it,Temp@321,TRUE,3,241,613-917-2269,FALSE,FALSE,12/25/2021
62,dkernaghan1p@nyu.edu,Temp@321,TRUE,0,118,351-833-7531,FALSE,FALSE,12/16/2021
63,sjumeau1q@newsvine.com,P@ssw0rd123,FALSE,1,819,183-176-5609,FALSE,TRUE,10/27/2021
64,abiasetti1r@rambler.ru,Temp@321,TRUE,3,136,892-760-5403,FALSE,TRUE,10/15/2021
65,hgaskoin1s@weebly.com,Welcome123,TRUE,4,54,203-279-7977,TRUE,TRUE,8/22/2021
66,ibursnoll1t@ocn.ne.jp,Welcome123,TRUE,3,597,722-511-2820,TRUE,TRUE,8/26/2021
67,ddouglass1u@i2i.jp,Temp@321,TRUE,3,287,733-246-9241,FALSE,TRUE,7/23/2021
68,pextil1v@phpbb.com,Welcome123,TRUE,5,340,513-865-9802,TRUE,FALSE,12-11-2021
69,pcandy1w@dell.com,Temp@321,TRUE,1,640,479-383-6858,TRUE,FALSE,11-03-2021
70,tswanwick1x@furl.net,P@ssw0rd123,TRUE,1,581,137-142-7063,TRUE,TRUE,11/23/2021
71,eebenezer1y@google.com.br,Temp@321,FALSE,1,901,673-817-6652,FALSE,FALSE,09-01-2021
72,dgarraway1z@arizona.edu,Temp@321,TRUE,4,252,284-973-6701,TRUE,TRUE,9/25/2021
73,hwoodthorpe20@bbb.org,P@ssw0rd123,FALSE,5,153,986-350-9216,TRUE,FALSE,7/16/2021
74,chulett21@drupal.org,P@ssw0rd123,FALSE,4,178,278-791-0344,TRUE,TRUE,08-03-2021
75,rbeel22@freewebs.com,Temp@321,FALSE,3,510,670-390-6337,TRUE,FALSE,10/29/2021
76,zdelleschi23@is.gd,P@ssw0rd123,FALSE,1,503,540-336-7001,TRUE,FALSE,09-10-2021
77,bwheatland24@smugmug.com,P@ssw0rd123,TRUE,3,864,314-363-1456,TRUE,FALSE,12-05-2021
78,ghuggon25@vistaprint.com,Welcome123,TRUE,2,191,576-908-9463,FALSE,FALSE,09-04-2021
79,tsall26@dyndns.org,Welcome123,TRUE,4,208,959-593-5814,TRUE,TRUE,9/16/2021
80,lcomer27@skyrock.com,P@ssw0rd123,FALSE,3,716,123-705-4754,TRUE,TRUE,10-06-2021
81,wivy28@reuters.com,Temp@321,TRUE,4,546,711-106-3220,TRUE,FALSE,10/29/2021
82,cminards29@netscape.com,Welcome123,TRUE,1,755,662-637-8649,FALSE,TRUE,12/25/2021
83,thalloran2a@sbwire.com,Temp@321,FALSE,1,493,498-275-5548,FALSE,FALSE,11/26/2021
84,lcroasdale2b@acquirethisname.com,Temp@321,FALSE,1,713,572-867-7922,TRUE,FALSE,8/15/2021
85,ibrabant2c@simplemachines.org,Welcome123,TRUE,5,200,594-103-0161,TRUE,TRUE,10/13/2021
86,bsamsonsen2d@tripod.com,P@ssw0rd123,FALSE,2,333,523-643-9229,TRUE,FALSE,12-03-2021
87,dyarrell2e@amazonaws.com,Temp@321,TRUE,0,939,929-969-7842,TRUE,TRUE,11/17/2021
88,sbroadbere2f@infoseek.co.jp,Temp@321,FALSE,1,155,175-337-0634,FALSE,TRUE,7/30/2021
89,rmatherson2g@vimeo.com,Welcome123,FALSE,1,500,489-354-7385,TRUE,FALSE,7/20/2021
90,ashellcross2h@seattletimes.com,P@ssw0rd123,FALSE,1,319,182-980-4215,FALSE,FALSE,11/30/2021
91,ldangl2i@php.net,P@ssw0rd123,TRUE,3,374,332-558-9881,TRUE,TRUE,12-11-2021
92,cgratrix2j@ezinearticles.com,Temp@321,FALSE,4,402,328-541-5795,FALSE,TRUE,11-06-2021
93,nhembery2k@vinaora.com,Welcome123,FALSE,3,455,198-198-3759,TRUE,FALSE,11-02-2021
94,ejeyes2l@theguardian.com,Welcome123,TRUE,5,576,621-245-8778,FALSE,FALSE,11-10-2021
95,cclemonts2m@barnesandnoble.com,Welcome123,TRUE,4,345,637-744-3137,TRUE,FALSE,8/30/2021
96,bmcroberts2n@ow.ly,Welcome123,FALSE,2,810,554-578-3070,FALSE,TRUE,11/30/2021
97,wshillitoe2o@histats.com,Welcome123,FALSE,1,33,359-148-2844,TRUE,TRUE,07-03-2021
98,blowden2p@mashable.com,P@ssw0rd123,FALSE,5,749,194-595-1763,TRUE,TRUE,8/26/2021
99,mnorrie2q@chron.com,Temp@321,FALSE,4,276,225-631-4429,TRUE,TRUE,11-05-2021
100,gsebrook2r@de.vu,P@ssw0rd123,FALSE,2,353,526-244-1901,TRUE,TRUE,11/15/2021
101,cdax2s@twitter.com,P@ssw0rd123,TRUE,1,847,415-768-2527,FALSE,TRUE,10/29/2021
102,mmcaless2t@moonfruit.com,P@ssw0rd123,TRUE,5,554,964-380-7147,FALSE,TRUE,11/29/2021
103,levensden2u@nature.com,P@ssw0rd123,FALSE,2,290,596-180-8052,FALSE,TRUE,07-01-2021
104,mmapholm2v@drupal.org,P@ssw0rd123,FALSE,2,507,992-537-6265,FALSE,FALSE,9/27/2021
105,zcapaldi2w@youtube.com,P@ssw0rd123,TRUE,3,69,548-837-2795,FALSE,TRUE,10/25/2021
106,ccaris2x@usatoday.com,Welcome123,TRUE,3,506,883-631-9757,TRUE,TRUE,8/26/2021
107,fdufton2y@behance.net,P@ssw0rd123,FALSE,0,581,738-804-5863,FALSE,FALSE,11/25/2021
108,jritchie2z@washington.edu,P@ssw0rd123,FALSE,4,906,149-403-0701,FALSE,TRUE,11/28/2021
109,bkix30@taobao.com,P@ssw0rd123,FALSE,5,110,941-176-8672,FALSE,FALSE,12/21/2021
110,ibeckitt31@xrea.com,P@ssw0rd123,TRUE,1,900,930-258-0654,FALSE,TRUE,12-04-2021
111,dscoterbosh32@github.io,P@ssw0rd123,FALSE,3,663,793-678-9185,TRUE,FALSE,9/25/2021
112,hewington33@jimdo.com,P@ssw0rd123,FALSE,1,852,518-595-1658,TRUE,TRUE,11/17/2021
113,jnoller34@mediafire.com,P@ssw0rd123,TRUE,3,792,945-452-5866,FALSE,TRUE,07-08-2021
114,mwastling35@freewebs.com,Welcome123,TRUE,2,372,808-749-0647,TRUE,FALSE,11/24/2021
115,tsallowaye36@google.nl,Welcome123,TRUE,3,930,966-516-4215,FALSE,FALSE,12/17/2021
116,vmacane37@bbb.org,P@ssw0rd123,FALSE,1,283,165-362-8401,FALSE,FALSE,11/28/2021
117,fivanets38@domainmarket.com,Welcome123,TRUE,0,209,471-192-9901,TRUE,TRUE,10/19/2021
118,sbuyers39@istockphoto.com,P@ssw0rd123,TRUE,2,863,394-894-7936,TRUE,FALSE,12/20/2021
119,cbisgrove3a@sohu.com,Temp@321,FALSE,5,944,835-725-4306,TRUE,TRUE,12/23/2021
120,mkeningham3b@ucla.edu,Temp@321,TRUE,0,33,443-881-5992,FALSE,FALSE,10-08-2021
121,mmcgeouch3c@taobao.com,Welcome123,TRUE,5,23,556-854-9518,TRUE,TRUE,07-12-2021
122,vsnalham3d@cmu.edu,Temp@321,FALSE,5,97,910-443-3620,FALSE,TRUE,08-02-2021
123,rmckellar3e@vk.com,Temp@321,FALSE,4,233,517-332-5439,FALSE,TRUE,12-04-2021
124,bdownes3f@macromedia.com,Temp@321,TRUE,3,707,513-184-6299,FALSE,TRUE,8/29/2021
125,pbragger3g@prweb.com,Temp@321,FALSE,3,9,827-754-2691,TRUE,FALSE,9/23/2021
126,woris3h@mozilla.com,P@ssw0rd123,TRUE,4,238,505-105-3497,TRUE,FALSE,8/31/2021
127,vhedaux3i@businessweek.com,P@ssw0rd123,TRUE,4,747,737-526-8445,FALSE,TRUE,09-09-2021
128,rallam3j@exblog.jp,Welcome123,FALSE,3,395,985-596-2837,TRUE,FALSE,8/23/2021
129,ftassell3k@sogou.com,P@ssw0rd123,FALSE,2,484,551-772-9597,TRUE,TRUE,07-05-2021
130,ghumphris3l@reference.com,Temp@321,FALSE,4,416,378-448-2354,FALSE,FALSE,12-03-2021
131,bluety3m@about.me,P@ssw0rd123,TRUE,2,707,869-522-9068,FALSE,TRUE,9/26/2021
132,alaible3n@indiatimes.com,Welcome123,FALSE,3,898,365-198-0084,FALSE,FALSE,11/22/2021
133,rgagg3o@cbc.ca,P@ssw0rd123,FALSE,4,56,714-961-2794,FALSE,FALSE,11-04-2021
134,tkopisch3p@netvibes.com,P@ssw0rd123,FALSE,3,588,117-335-3808,FALSE,FALSE,12-03-2021
135,aaddeycott3q@reuters.com,Welcome123,FALSE,0,402,789-612-4502,TRUE,TRUE,7/29/2021
136,smingardo3r@1und1.de,Temp@321,TRUE,2,564,145-976-0133,FALSE,FALSE,10/30/2021
137,malbutt3s@theatlantic.com,P@ssw0rd123,TRUE,2,336,265-296-7564,TRUE,TRUE,10-04-2021
138,ehartshorne3t@mediafire.com,Temp@321,TRUE,2,852,425-938-3174,TRUE,FALSE,10/21/2021
139,pvasichev3u@parallels.com,Welcome123,TRUE,1,390,218-808-6829,TRUE,FALSE,7/22/2021
140,bsalzen3v@163.com,Temp@321,TRUE,1,715,115-722-9179,FALSE,FALSE,9/25/2021
141,cfere3w@craigslist.org,Temp@321,TRUE,1,586,157-560-6860,FALSE,FALSE,12/14/2021
142,dprew3x@paypal.com,Welcome123,FALSE,1,254,427-691-9244,FALSE,FALSE,12-06-2021
143,samdohr3y@go.com,P@ssw0rd123,TRUE,2,806,483-308-7838,TRUE,TRUE,9/23/2021
144,lcorringham3z@gravatar.com,Temp@321,TRUE,2,708,708-286-9399,FALSE,TRUE,10/16/2021
145,twind40@sohu.com,Temp@321,TRUE,2,747,156-565-0318,FALSE,TRUE,12/19/2021
146,lsamweyes41@wikipedia.org,Welcome123,TRUE,2,738,893-958-2149,TRUE,FALSE,9/18/2021
147,gcallam42@yahoo.com,Temp@321,FALSE,4,683,415-823-2384,TRUE,TRUE,10/15/2021
148,nmurrow43@i2i.jp,Welcome123,TRUE,2,313,713-977-5779,TRUE,TRUE,8/20/2021
149,jramalhete44@123-reg.co.uk,Welcome123,TRUE,1,453,987-215-2361,TRUE,TRUE,09-04-2021
150,lpatry45@pen.io,Temp@321,TRUE,4,840,239-565-1327,TRUE,FALSE,08-11-2021
151,jbaile46@slashdot.org,P@ssw0rd123,FALSE,2,245,583-853-4777,FALSE,TRUE,07-03-2021
152,rfeak47@nydailynews.com,P@ssw0rd123,TRUE,4,920,442-240-6560,FALSE,TRUE,09-11-2021
153,aoldland48@auda.org.au,P@ssw0rd123,FALSE,1,129,783-745-9673,FALSE,TRUE,11-05-2021
154,fperet49@jimdo.com,P@ssw0rd123,TRUE,4,293,555-715-4684,FALSE,FALSE,12/14/2021
155,efernley4a@dmoz.org,Temp@321,TRUE,4,784,565-877-3772,TRUE,FALSE,9/13/2021
156,mjiggins4b@dyndns.org,P@ssw0rd123,FALSE,1,320,869-844-2810,FALSE,TRUE,12-05-2021
157,kmattevi4c@sakura.ne.jp,P@ssw0rd123,TRUE,1,37,304-984-8079,TRUE,TRUE,10/15/2021
158,mredman4d@mashable.com,P@ssw0rd123,FALSE,4,324,292-116-7497,TRUE,TRUE,9/13/2021
159,agannicleff4e@wunderground.com,P@ssw0rd123,FALSE,4,289,101-481-7599,TRUE,TRUE,9/16/2021
160,bfremantle4f@quantcast.com,Welcome123,TRUE,5,470,944-452-4819,FALSE,FALSE,9/27/2021
161,tdelleschi4g@examiner.com,P@ssw0rd123,FALSE,3,228,386-703-1723,TRUE,TRUE,07-02-2021
162,cmassenhove4h@dailymotion.com,Welcome123,FALSE,5,446,218-461-6756,TRUE,TRUE,09-07-2021
163,rbrennan4i@unesco.org,Temp@321,TRUE,2,744,886-999-8124,FALSE,TRUE,12/18/2021
164,llapadula4j@hugedomains.com,Temp@321,TRUE,2,606,239-973-6163,TRUE,TRUE,9/15/2021
165,ecustance4k@uiuc.edu,Temp@321,TRUE,5,198,498-779-2250,FALSE,FALSE,9/30/2021
166,mtrase4l@so-net.ne.jp,P@ssw0rd123,TRUE,2,814,999-422-6354,TRUE,TRUE,7/13/2021
167,fokker4m@nasa.gov,P@ssw0rd123,FALSE,0,899,788-306-2827,TRUE,TRUE,11/17/2021
168,gkytter4n@tinypic.com,Welcome123,TRUE,0,138,187-304-9836,TRUE,TRUE,11/18/2021
169,cbeddingham4o@seesaa.net,Temp@321,FALSE,4,521,603-425-5793,TRUE,FALSE,9/26/2021
170,gfold4p@g.co,Temp@321,FALSE,0,996,763-356-5516,FALSE,TRUE,7/15/2021
171,rsatyford4q@examiner.com,Welcome123,TRUE,1,841,693-699-9568,FALSE,TRUE,9/29/2021
172,bchrystie4r@is.gd,P@ssw0rd123,TRUE,3,856,508-472-4088,TRUE,FALSE,07-11-2021
173,kjuris4s@pagesperso-orange.fr,Temp@321,TRUE,4,120,323-443-1642,FALSE,TRUE,12/18/2021
174,cvanyutin4t@blinklist.com,P@ssw0rd123,TRUE,1,999,419-124-0009,TRUE,FALSE,7/19/2021
175,gbaldam4u@toplist.cz,Welcome123,TRUE,1,214,248-508-1121,FALSE,TRUE,7/21/2021
176,pkauble4v@globo.com,P@ssw0rd123,TRUE,5,520,458-288-9930,TRUE,FALSE,07-10-2021
177,jcheel4w@epa.gov,Temp@321,TRUE,5,980,534-266-7330,TRUE,TRUE,07-09-2021
178,jstquenin4x@mac.com,P@ssw0rd123,FALSE,3,372,555-110-2958,FALSE,TRUE,7/28/2021
179,pkellart4y@sitemeter.com,Welcome123,FALSE,4,509,814-483-2092,TRUE,FALSE,8/18/2021
180,mstoeckle4z@posterous.com,Welcome123,FALSE,3,721,829-969-7263,TRUE,TRUE,07-07-2021
181,vbottomer50@samsung.com,Welcome123,TRUE,2,358,374-435-6549,TRUE,FALSE,9/17/2021
182,bnarramore51@patch.com,Temp@321,FALSE,3,50,949-193-2728,FALSE,FALSE,8/29/2021
183,mcroisdall52@shutterfly.com,P@ssw0rd123,FALSE,2,817,185-408-8718,TRUE,FALSE,09-05-2021
184,ibrinicombe53@nbcnews.com,Temp@321,TRUE,3,739,182-417-5033,TRUE,FALSE,09-06-2021
185,aayer54@ox.ac.uk,Temp@321,TRUE,2,576,172-155-4444,TRUE,TRUE,11/23/2021
186,oallsopp55@gnu.org,P@ssw0rd123,TRUE,0,404,595-469-4428,TRUE,FALSE,09-10-2021
187,yturpie56@reference.com,Temp@321,FALSE,2,389,492-415-9054,TRUE,FALSE,08-01-2021
188,cpalser57@twitter.com,Welcome123,FALSE,1,24,152-296-8264,FALSE,FALSE,07-10-2021
189,pbelliard58@cnn.com,P@ssw0rd123,FALSE,1,625,359-210-4148,TRUE,FALSE,7/29/2021
190,cbrockhurst59@ucla.edu,Welcome123,FALSE,3,290,649-541-1930,FALSE,TRUE,9/18/2021
191,sblack5a@ucsd.edu,Welcome123,FALSE,2,77,889-906-2830,TRUE,FALSE,08-12-2021
192,edate5b@shareasale.com,Temp@321,TRUE,2,125,693-719-6187,TRUE,FALSE,11/28/2021
193,kmuller5c@samsung.com,Welcome123,FALSE,0,154,891-504-6915,TRUE,TRUE,11/21/2021
194,jalesin5d@mapy.cz,P@ssw0rd123,FALSE,4,930,392-577-6511,TRUE,FALSE,09-04-2021
195,grobrow5e@addthis.com,P@ssw0rd123,FALSE,3,221,302-306-4104,FALSE,TRUE,9/30/2021
196,wyankeev5f@wikispaces.com,Temp@321,TRUE,2,400,388-235-5630,TRUE,TRUE,11-02-2021
197,rdeetch5g@un.org,Temp@321,TRUE,2,392,494-303-1439,FALSE,TRUE,12-08-2021
198,ddesbrow5h@163.com,P@ssw0rd123,TRUE,4,203,286-113-5596,FALSE,TRUE,10-09-2021
199,mruffy5i@wunderground.com,P@ssw0rd123,TRUE,4,184,951-874-1138,TRUE,FALSE,12/23/2021
200,jsaturley5j@sun.com,Temp@321,FALSE,0,954,140-973-3588,FALSE,FALSE,9/25/2021
201,ascrivener5k@cafepress.com,Welcome123,TRUE,3,669,383-296-4132,TRUE,FALSE,07-12-2021
202,hrubenchik5l@topsy.com,P@ssw0rd123,FALSE,2,325,425-461-7347,TRUE,FALSE,9/20/2021
203,mloding5m@virginia.edu,Welcome123,FALSE,3,764,992-299-5220,TRUE,TRUE,8/15/2021
204,idarinton5n@buzzfeed.com,Temp@321,TRUE,3,809,774-526-5646,FALSE,FALSE,07-05-2021
205,sringwood5o@rambler.ru,P@ssw0rd123,FALSE,2,43,800-840-3580,TRUE,TRUE,12/20/2021
206,ksollner5p@spiegel.de,Temp@321,FALSE,4,995,100-378-6365,TRUE,FALSE,07-06-2021
207,sivanilov5q@4shared.com,Temp@321,FALSE,1,347,562-383-2917,TRUE,FALSE,07-04-2021
208,dflintuff5r@angelfire.com,P@ssw0rd123,TRUE,3,102,732-936-8359,TRUE,TRUE,10-07-2021
209,fshatford5s@t.co,Temp@321,FALSE,4,33,139-395-8487,FALSE,FALSE,10/28/2021
210,mdeclairmont5t@businessweek.com,P@ssw0rd123,TRUE,4,88,700-269-0624,TRUE,FALSE,09-06-2021
211,ptolemache5u@livejournal.com,P@ssw0rd123,FALSE,1,421,662-218-2331,FALSE,FALSE,12/13/2021
212,fgreatbank5v@cbc.ca,Welcome123,FALSE,2,768,230-658-6861,FALSE,FALSE,11-01-2021
213,gthomesson5w@etsy.com,P@ssw0rd123,TRUE,2,28,866-207-7768,FALSE,TRUE,12-08-2021
214,gargente5x@chron.com,P@ssw0rd123,TRUE,0,707,805-225-0357,FALSE,TRUE,12/22/2021
215,mmosco5y@parallels.com,Welcome123,FALSE,5,107,945-730-6175,FALSE,FALSE,9/13/2021
216,cbeldon5z@earthlink.net,Welcome123,TRUE,3,593,604-102-5171,TRUE,TRUE,10/20/2021
217,dcopcutt60@lulu.com,Temp@321,TRUE,4,889,368-237-7839,TRUE,FALSE,7/25/2021
218,eluard61@aboutads.info,Welcome123,FALSE,5,585,223-233-0097,FALSE,FALSE,09-02-2021
219,jgartell62@example.com,P@ssw0rd123,FALSE,4,537,205-538-2471,TRUE,TRUE,7/19/2021
220,lfoxwell63@ehow.com,Temp@321,TRUE,0,787,347-296-9711,TRUE,TRUE,9/13/2021
221,msheryn64@sogou.com,Welcome123,TRUE,5,990,478-411-9689,TRUE,FALSE,9/19/2021
222,elambird65@marketwatch.com,Temp@321,FALSE,4,822,591-976-5819,FALSE,TRUE,7/21/2021
223,lstanlike66@pinterest.com,Temp@321,FALSE,1,870,848-341-5163,TRUE,FALSE,7/13/2021
224,rcarle67@comsenz.com,Temp@321,TRUE,3,322,686-269-7122,TRUE,TRUE,11-09-2021
225,jwhitcher68@twitpic.com,P@ssw0rd123,FALSE,2,301,489-458-8615,FALSE,FALSE,7/29/2021
226,cfirminger69@lulu.com,Temp@321,TRUE,4,199,117-227-5495,TRUE,FALSE,10/28/2021
227,ipershouse6a@cnet.com,Temp@321,FALSE,1,726,255-945-3513,TRUE,TRUE,11-10-2021
228,ldumphry6b@java.com,Welcome123,TRUE,4,717,283-306-9738,TRUE,FALSE,11/13/2021
229,akersey6c@issuu.com,Welcome123,FALSE,3,655,381-694-4664,TRUE,FALSE,7/25/2021
230,bwallbank6d@biblegateway.com,P@ssw0rd123,TRUE,5,363,903-497-4635,FALSE,TRUE,12/22/2021
231,locrevan6e@addtoany.com,Temp@321,TRUE,2,25,943-940-7736,TRUE,TRUE,12/21/2021
232,hocrowley6f@purevolume.com,P@ssw0rd123,TRUE,5,665,209-749-5171,FALSE,TRUE,8/27/2021
233,fgostick6g@wufoo.com,Temp@321,FALSE,0,918,199-650-9700,FALSE,FALSE,11-09-2021
234,kloomes6h@bloglines.com,Welcome123,FALSE,3,102,295-763-9860,TRUE,FALSE,7/13/2021
235,mjudron6i@comsenz.com,Temp@321,TRUE,3,851,157-313-4420,FALSE,TRUE,12/25/2021
236,ztullis6j@wikipedia.org,P@ssw0rd123,TRUE,1,330,440-318-0405,FALSE,TRUE,11-09-2021
237,gschreiner6k@bing.com,P@ssw0rd123,TRUE,5,782,102-473-0342,FALSE,FALSE,12-12-2021
238,mlinnit6l@ed.gov,P@ssw0rd123,TRUE,5,724,979-381-1307,FALSE,TRUE,9/15/2021
239,kbilliard6m@mit.edu,Temp@321,TRUE,2,303,646-158-0515,TRUE,FALSE,10/16/2021
240,rhynd6n@macromedia.com,Temp@321,FALSE,3,171,647-167-8722,FALSE,TRUE,10/24/2021
241,icassidy6o@nytimes.com,Temp@321,TRUE,1,519,877-172-5191,TRUE,TRUE,12/29/2021
242,bcahalin6p@sohu.com,Welcome123,TRUE,1,783,965-784-5814,FALSE,FALSE,7/25/2021
243,sbridgett6q@comcast.net,Welcome123,FALSE,4,856,846-975-8922,FALSE,FALSE,10/28/2021
244,wskehens6r@gravatar.com,Temp@321,TRUE,5,635,813-201-7598,FALSE,FALSE,08-07-2021
245,mgouda6s@istockphoto.com,P@ssw0rd123,TRUE,1,846,836-416-3881,FALSE,TRUE,7/14/2021
246,ahegg6t@amazon.de,P@ssw0rd123,FALSE,1,59,879-671-5622,TRUE,FALSE,8/21/2021
247,psteaning6u@washington.edu,P@ssw0rd123,TRUE,3,495,755-486-9479,FALSE,FALSE,11/27/2021
248,tmirando6v@lycos.com,P@ssw0rd123,FALSE,2,511,875-399-4268,FALSE,TRUE,07-04-2021
249,tblankau6w@usgs.gov,Temp@321,FALSE,3,254,603-947-1400,TRUE,TRUE,07-09-2021
250,csarfat6x@constantcontact.com,Temp@321,TRUE,4,902,199-692-0070,FALSE,TRUE,7/24/2021
251,ldearl6y@dion.ne.jp,P@ssw0rd123,FALSE,0,436,840-164-5145,FALSE,FALSE,07-07-2021
252,dmcparlin6z@mashable.com,Temp@321,TRUE,5,404,905-808-2283,FALSE,TRUE,11/30/2021
253,aochterlony70@g.co,P@ssw0rd123,TRUE,3,321,636-436-5764,TRUE,FALSE,11-10-2021
254,aberrington71@weebly.com,Welcome123,TRUE,3,314,277-245-8082,TRUE,TRUE,7/29/2021
255,chasloch72@so-net.ne.jp,Temp@321,FALSE,0,152,952-485-0739,TRUE,TRUE,07-06-2021
256,kgodbehere73@hp.com,Welcome123,FALSE,2,38,522-275-1349,TRUE,FALSE,11-01-2021
257,esorro74@psu.edu,Temp@321,FALSE,0,701,123-844-5757,TRUE,FALSE,10/31/2021
258,jernshaw75@jimdo.com,Temp@321,TRUE,4,126,140-289-2622,TRUE,FALSE,11-01-2021
259,mriccardini76@people.com.cn,P@ssw0rd123,FALSE,4,289,654-221-2431,FALSE,TRUE,8/19/2021
260,fbewfield77@amazon.co.uk,Welcome123,FALSE,3,139,698-613-0237,FALSE,TRUE,10/22/2021
261,msparkwell78@spiegel.de,Temp@321,FALSE,4,487,801-954-8634,TRUE,TRUE,10/18/2021
262,hflukes79@cnet.com,P@ssw0rd123,TRUE,2,707,282-632-3039,TRUE,TRUE,08-09-2021
263,smeenehan7a@blog.com,Temp@321,TRUE,2,973,747-131-9029,TRUE,FALSE,09-03-2021
264,wderyebarrett7b@vimeo.com,Temp@321,FALSE,4,680,911-607-6275,TRUE,FALSE,07-03-2021
265,bbeckinsall7c@ocn.ne.jp,Welcome123,FALSE,3,426,749-249-0125,TRUE,TRUE,08-10-2021
266,rrobison7d@hostgator.com,P@ssw0rd123,TRUE,1,162,759-952-3292,FALSE,TRUE,12-10-2021
267,njobey7e@aol.com,Welcome123,TRUE,1,116,550-319-4014,TRUE,TRUE,12/14/2021
268,rlelande7f@sohu.com,P@ssw0rd123,FALSE,3,136,192-961-7361,TRUE,TRUE,10/17/2021
269,solding7g@sciencedaily.com,Welcome123,FALSE,2,69,294-338-4629,FALSE,FALSE,10-06-2021
270,gcoundley7h@cbsnews.com,Temp@321,FALSE,4,787,341-915-0081,TRUE,FALSE,7/29/2021
271,wfleis7i@princeton.edu,Welcome123,TRUE,3,676,867-231-4299,FALSE,FALSE,9/16/2021
272,mhoundesome7j@cnbc.com,P@ssw0rd123,FALSE,4,542,162-501-8325,FALSE,TRUE,10/30/2021
273,alonghi7k@blogspot.com,Temp@321,TRUE,3,829,953-409-4678,TRUE,FALSE,12/26/2021
274,dpolye7l@netscape.com,P@ssw0rd123,TRUE,1,753,902-992-2995,TRUE,TRUE,10-05-2021
275,gsea7m@newsvine.com,Welcome123,FALSE,0,386,111-632-9660,TRUE,FALSE,7/16/2021
276,dferri7n@oakley.com,Welcome123,TRUE,2,615,219-336-3688,FALSE,TRUE,7/27/2021
277,mpimm7o@theglobeandmail.com,Temp@321,FALSE,4,488,610-576-6360,FALSE,TRUE,11/16/2021
278,jyarr7p@ed.gov,Welcome123,FALSE,2,843,305-190-7846,FALSE,FALSE,10-12-2021
279,sleggs7q@sourceforge.net,Temp@321,TRUE,5,26,574-259-5716,FALSE,TRUE,11-09-2021
280,dhubbucke7r@va.gov,P@ssw0rd123,FALSE,0,954,457-303-3720,FALSE,TRUE,8/29/2021
281,ebiggadyke7s@mozilla.org,Temp@321,FALSE,0,115,812-156-5288,FALSE,TRUE,8/19/2021
282,bportman7t@vimeo.com,Welcome123,TRUE,5,169,461-777-0155,TRUE,FALSE,10/23/2021
283,hohoolahan7u@posterous.com,Temp@321,FALSE,3,987,838-667-4461,TRUE,TRUE,11/19/2021
284,glaban7v@unblog.fr,Temp@321,FALSE,2,774,849-435-5420,FALSE,FALSE,07-08-2021
285,ikyte7w@google.co.uk,Temp@321,TRUE,4,964,294-307-3639,TRUE,TRUE,11/27/2021
286,ctinsley7x@uiuc.edu,P@ssw0rd123,TRUE,4,381,840-627-3411,FALSE,TRUE,09-11-2021
287,gstidever7y@plala.or.jp,P@ssw0rd123,TRUE,1,517,273-665-0677,TRUE,FALSE,9/14/2021
288,mraun7z@youtube.com,Temp@321,TRUE,4,58,381-617-4982,TRUE,FALSE,10/16/2021
289,kgregore80@prweb.com,Welcome123,TRUE,5,777,172-805-6136,FALSE,FALSE,10/29/2021
290,ghunnicot81@fastcompany.com,P@ssw0rd123,FALSE,4,459,405-120-9936,FALSE,TRUE,11/15/2021
291,ascrammage82@merriam-webster.com,Welcome123,TRUE,1,955,978-163-5827,FALSE,FALSE,8/21/2021
292,cbeals83@amazon.de,P@ssw0rd123,FALSE,0,669,733-622-9309,FALSE,TRUE,12/27/2021
293,rmawtus84@altervista.org,Temp@321,FALSE,3,27,886-740-7618,TRUE,FALSE,12-11-2021
294,ehirthe85@addtoany.com,Temp@321,FALSE,4,254,786-231-9676,FALSE,FALSE,07-10-2021
295,ljedraszek86@tiny.cc,Temp@321,TRUE,5,342,610-370-1518,TRUE,FALSE,08-02-2021
296,phullah87@xinhuanet.com,Temp@321,FALSE,2,628,729-328-1634,FALSE,FALSE,11/23/2021
297,dsalmond88@cocolog-nifty.com,P@ssw0rd123,FALSE,1,205,123-916-5144,FALSE,TRUE,9/28/2021
298,wbirden89@hugedomains.com,Welcome123,FALSE,4,260,988-428-3830,FALSE,TRUE,08-02-2021
299,kwyllt8a@blogs.com,P@ssw0rd123,FALSE,2,849,399-157-9269,FALSE,FALSE,7/25/2021
300,dattaway8b@sun.com,Temp@321,FALSE,1,364,958-511-9637,TRUE,TRUE,12/30/2021
301,cloding8c@buzzfeed.com,P@ssw0rd123,FALSE,0,637,305-969-5104,TRUE,FALSE,11-04-2021
302,asandiford8d@home.pl,Temp@321,TRUE,1,969,431-816-7743,TRUE,TRUE,10/13/2021
303,lchalker8e@comcast.net,Temp@321,FALSE,1,892,141-813-9968,FALSE,TRUE,7/16/2021
304,ltrimbey8f@about.me,P@ssw0rd123,TRUE,1,37,155-895-8998,FALSE,FALSE,9/19/2021
305,cgewer8g@studiopress.com,Temp@321,TRUE,1,766,930-520-7915,FALSE,FALSE,9/25/2021
306,frobertazzi8h@columbia.edu,Temp@321,TRUE,3,714,598-681-0760,TRUE,TRUE,12/17/2021
307,cpluvier8i@alexa.com,Temp@321,TRUE,3,70,930-118-4406,TRUE,TRUE,07-04-2021
308,jfarnorth8j@tiny.cc,Welcome123,TRUE,4,612,250-621-3980,TRUE,FALSE,9/22/2021
309,fpatullo8k@diigo.com,Welcome123,TRUE,3,281,373-596-5245,TRUE,FALSE,11/25/2021
310,apowe8l@dagondesign.com,P@ssw0rd123,FALSE,0,574,932-252-6597,FALSE,FALSE,12-07-2021
311,bstrognell8m@addtoany.com,Temp@321,TRUE,2,508,146-224-7797,FALSE,TRUE,9/20/2021
312,ccastellet8n@yahoo.com,Welcome123,TRUE,4,688,600-243-0664,TRUE,TRUE,12-12-2021
313,pcharity8o@hostgator.com,Welcome123,FALSE,4,863,682-547-8336,FALSE,TRUE,12/22/2021
314,hwasteney8p@bloglovin.com,Temp@321,TRUE,3,722,787-508-8798,TRUE,TRUE,08-08-2021
315,lhumby8q@unblog.fr,P@ssw0rd123,FALSE,3,434,587-477-5863,FALSE,FALSE,12/18/2021
316,oeidelman8r@answers.com,P@ssw0rd123,FALSE,2,167,498-547-3873,TRUE,TRUE,9/17/2021
317,rponsford8s@php.net,P@ssw0rd123,TRUE,1,349,896-500-7018,FALSE,TRUE,9/22/2021
318,asevery8t@utexas.edu,Welcome123,TRUE,0,926,585-866-6914,FALSE,FALSE,12/29/2021
319,pgorch8u@ihg.com,P@ssw0rd123,FALSE,3,402,474-498-1802,TRUE,FALSE,8/20/2021
320,dbaggally8v@prnewswire.com,P@ssw0rd123,TRUE,4,73,367-293-9117,FALSE,TRUE,10/17/2021
321,nhuckster8w@tamu.edu,Welcome123,TRUE,2,132,825-296-4464,TRUE,TRUE,07-09-2021
322,nseneschal8x@ed.gov,P@ssw0rd123,TRUE,5,106,525-277-1799,TRUE,TRUE,7/15/2021
323,dgrivori8y@reverbnation.com,P@ssw0rd123,FALSE,1,103,796-520-9717,TRUE,TRUE,11-09-2021
324,mstott8z@dagondesign.com,P@ssw0rd123,FALSE,1,324,235-186-5021,FALSE,FALSE,7/24/2021
325,dprigg90@ameblo.jp,P@ssw0rd123,TRUE,3,443,258-580-7178,TRUE,TRUE,10-02-2021
326,dgibbieson91@about.me,Welcome123,FALSE,3,105,983-220-4504,FALSE,TRUE,9/26/2021
327,gjorat92@bloglines.com,Temp@321,FALSE,4,206,893-590-4252,FALSE,FALSE,08-06-2021
328,emerryfield93@google.it,Temp@321,FALSE,0,793,488-466-2104,FALSE,TRUE,07-06-2021
329,bwarrender94@macromedia.com,Temp@321,FALSE,1,822,494-997-8365,TRUE,TRUE,8/13/2021
330,zmanzell95@vinaora.com,Temp@321,FALSE,4,511,511-902-5034,TRUE,FALSE,11/24/2021
331,rmewha96@github.io,Welcome123,TRUE,1,480,829-683-2239,FALSE,FALSE,10/19/2021
332,mbayless97@technorati.com,Welcome123,TRUE,4,482,568-131-9124,FALSE,FALSE,10/26/2021
333,vwasselin98@pcworld.com,Temp@321,FALSE,2,477,339-967-4318,FALSE,FALSE,11/20/2021
334,tfarady99@qq.com,Temp@321,FALSE,5,473,261-435-5189,TRUE,TRUE,12/17/2021
335,ccarlyle9a@surveymonkey.com,P@ssw0rd123,TRUE,5,589,545-477-7861,FALSE,TRUE,10/22/2021
336,bavrashin9b@tinypic.com,Welcome123,FALSE,4,816,401-215-0005,FALSE,FALSE,8/21/2021
337,kkrysztofiak9c@mozilla.org,Welcome123,FALSE,4,464,479-262-8243,FALSE,TRUE,12/29/2021
338,tokelleher9d@vkontakte.ru,Temp@321,TRUE,2,364,983-730-8045,FALSE,FALSE,11/16/2021
339,dpemble9e@google.com.au,Welcome123,TRUE,5,212,303-348-7366,FALSE,TRUE,7/19/2021
340,kwest9f@imdb.com,P@ssw0rd123,TRUE,3,589,980-727-0721,FALSE,FALSE,11/23/2021
341,gmcavin9g@so-net.ne.jp,Welcome123,FALSE,3,678,263-619-5575,FALSE,FALSE,7/28/2021
342,jpelos9h@aol.com,P@ssw0rd123,TRUE,2,463,420-825-8782,FALSE,FALSE,12/21/2021
343,rbruhn9i@wikimedia.org,Temp@321,FALSE,4,428,887-210-5096,TRUE,TRUE,12/18/2021
344,methelston9j@slideshare.net,Temp@321,FALSE,2,285,710-654-4403,TRUE,FALSE,12/13/2021
345,sdurrell9k@ebay.co.uk,Temp@321,FALSE,1,892,215-462-2548,TRUE,TRUE,09-02-2021
346,mkelner9l@naver.com,Temp@321,FALSE,1,267,906-312-0610,FALSE,TRUE,9/28/2021
347,ssinkins9m@cafepress.com,Temp@321,TRUE,2,461,466-102-0907,TRUE,TRUE,12/18/2021
348,drotherham9n@cmu.edu,Welcome123,FALSE,1,954,188-362-9620,TRUE,FALSE,11/24/2021
349,dscorrer9o@friendfeed.com,Welcome123,FALSE,2,917,490-533-3596,TRUE,FALSE,8/22/2021
350,jchestney9p@desdev.cn,Temp@321,FALSE,5,555,476-463-6960,FALSE,TRUE,07-03-2021
351,mlynskey9q@shinystat.com,Welcome123,FALSE,1,988,895-682-2490,FALSE,FALSE,9/26/2021
352,ablofield9r@columbia.edu,Temp@321,TRUE,4,46,408-234-0573,TRUE,TRUE,11-11-2021
353,psouster9s@comcast.net,Temp@321,FALSE,1,925,668-956-2185,FALSE,TRUE,12/22/2021
354,hrichin9t@ucoz.ru,P@ssw0rd123,FALSE,1,176,710-171-5352,TRUE,FALSE,08-02-2021
355,bford9u@noaa.gov,P@ssw0rd123,FALSE,5,136,399-248-6570,FALSE,TRUE,8/20/2021
356,yrivitt9v@t-online.de,Welcome123,FALSE,4,662,455-357-5340,TRUE,TRUE,8/19/2021
357,sbroomfield9w@reference.com,Welcome123,FALSE,0,55,781-131-0998,FALSE,TRUE,10-03-2021
358,mruckman9x@vk.com,Welcome123,TRUE,4,89,765-188-6195,TRUE,FALSE,12-11-2021
359,hgilloran9y@blogs.com,P@ssw0rd123,TRUE,5,643,594-692-8096,FALSE,TRUE,8/14/2021
360,tgeard9z@unc.edu,Temp@321,FALSE,3,318,576-335-6839,TRUE,FALSE,12/22/2021
361,sbordissa0@i2i.jp,Welcome123,TRUE,3,687,588-924-6011,FALSE,FALSE,9/21/2021
362,jdorbona1@macromedia.com,Temp@321,TRUE,2,248,596-470-2483,FALSE,FALSE,10-06-2021
363,sruffa2@cafepress.com,P@ssw0rd123,FALSE,1,210,773-252-0817,FALSE,FALSE,07-02-2021
364,ebreslanea3@wsj.com,Temp@321,TRUE,4,612,484-354-1604,TRUE,FALSE,10/14/2021
365,gpitkinsa4@ca.gov,P@ssw0rd123,FALSE,4,373,191-263-1732,TRUE,FALSE,7/21/2021
366,myella5@creativecommons.org,P@ssw0rd123,FALSE,4,4,937-397-5595,TRUE,FALSE,11/29/2021
367,tcolquetea6@salon.com,P@ssw0rd123,FALSE,5,144,672-787-8651,FALSE,TRUE,12-09-2021
368,cwrigleya7@1und1.de,Temp@321,FALSE,0,290,241-598-4364,TRUE,FALSE,11/23/2021
369,cfowleya8@sbwire.com,Temp@321,TRUE,0,574,352-391-6273,TRUE,TRUE,10/14/2021
370,jdoggrella9@ed.gov,Welcome123,TRUE,1,962,976-768-9555,TRUE,TRUE,9/28/2021
371,soenaa@techcrunch.com,Temp@321,TRUE,2,981,867-365-8846,TRUE,TRUE,12-01-2021
372,imillmoeab@hubpages.com,Temp@321,FALSE,4,199,709-147-5571,TRUE,TRUE,11/24/2021
373,kmeaac@github.io,P@ssw0rd123,FALSE,1,366,911-382-9531,TRUE,FALSE,12/25/2021
374,awarrackad@typepad.com,Temp@321,TRUE,3,735,778-486-8107,FALSE,FALSE,10/30/2021
375,vharmerae@nba.com,Temp@321,FALSE,1,427,126-919-5661,FALSE,FALSE,09-09-2021
376,cstoadeaf@lulu.com,P@ssw0rd123,TRUE,2,804,760-293-8270,TRUE,FALSE,07-09-2021
377,btythacottag@huffingtonpost.com,Welcome123,TRUE,5,370,337-162-0911,FALSE,FALSE,12/25/2021
378,rcabelah@dot.gov,Welcome123,FALSE,2,445,619-177-7878,FALSE,FALSE,12/24/2021
379,adewireai@technorati.com,P@ssw0rd123,FALSE,5,362,911-865-9223,FALSE,TRUE,9/16/2021
380,teberleinaj@msn.com,Temp@321,TRUE,0,638,280-218-1465,TRUE,FALSE,9/22/2021
381,rjealak@auda.org.au,Temp@321,TRUE,4,821,581-800-3804,TRUE,FALSE,11-09-2021
382,mrosendaleal@constantcontact.com,P@ssw0rd123,TRUE,0,630,208-857-9062,FALSE,TRUE,10/17/2021
383,brennekeam@deliciousdays.com,P@ssw0rd123,FALSE,1,356,683-832-7002,FALSE,TRUE,08-11-2021
384,rpenleyan@aboutads.info,Temp@321,FALSE,1,974,554-920-3602,FALSE,FALSE,8/17/2021
385,gjollimanao@springer.com,Welcome123,FALSE,4,935,436-319-2713,TRUE,FALSE,11-02-2021
386,aslarkap@google.com.br,Welcome123,FALSE,2,332,961-584-7289,TRUE,TRUE,10/25/2021
387,chaithwaiteaq@google.nl,Welcome123,TRUE,4,507,421-670-2732,FALSE,TRUE,9/27/2021
388,swoofar@columbia.edu,P@ssw0rd123,FALSE,2,874,487-420-0388,FALSE,FALSE,08-07-2021
389,jkestianas@mlb.com,Welcome123,FALSE,4,315,483-527-7368,TRUE,TRUE,11/17/2021
390,jyewdellat@surveymonkey.com,P@ssw0rd123,FALSE,4,376,341-411-9827,FALSE,TRUE,07-08-2021
391,amccrorieau@lycos.com,Welcome123,TRUE,0,32,175-546-4255,TRUE,TRUE,12/25/2021
392,ihimpsonav@wsj.com,Temp@321,TRUE,2,41,510-126-7728,FALSE,TRUE,10/17/2021
393,mgascoyenaw@sakura.ne.jp,Temp@321,TRUE,2,391,746-334-2556,FALSE,FALSE,11/15/2021
394,dcooleyax@house.gov,P@ssw0rd123,FALSE,2,774,518-392-3535,TRUE,FALSE,12-06-2021
395,krubinowiczay@tumblr.com,P@ssw0rd123,TRUE,2,471,465-154-5720,FALSE,TRUE,7/17/2021
396,hkremeraz@wordpress.com,Temp@321,FALSE,4,307,738-875-1241,TRUE,TRUE,7/22/2021
397,gskinnb0@usa.gov,Welcome123,FALSE,1,432,919-106-9302,TRUE,TRUE,07-07-2021
398,afenningb1@flavors.me,P@ssw0rd123,FALSE,1,630,732-590-3806,FALSE,FALSE,8/28/2021
399,emichallatb2@elegantthemes.com,Temp@321,FALSE,2,472,521-290-8024,FALSE,TRUE,09-12-2021
400,cagirreb3@statcounter.com,Temp@321,FALSE,3,962,115-244-7524,TRUE,FALSE,08-04-2021
401,mmulderrigb4@biglobe.ne.jp,Temp@321,FALSE,2,377,440-148-4536,FALSE,FALSE,8/16/2021
402,tpinsentb5@amazon.co.uk,Temp@321,FALSE,2,83,924-633-6068,FALSE,FALSE,7/24/2021
403,mcocksonb6@360.cn,Temp@321,FALSE,2,175,975-365-1771,FALSE,TRUE,07-02-2021
404,chutsbyb7@w3.org,Temp@321,TRUE,3,974,458-242-4244,FALSE,FALSE,10-11-2021
405,kmacbarronb8@edublogs.org,Welcome123,FALSE,5,669,569-670-3988,TRUE,TRUE,10/27/2021
406,dleftbridgeb9@amazonaws.com,P@ssw0rd123,FALSE,4,334,400-114-7387,FALSE,TRUE,12/24/2021
407,alawleffba@comsenz.com,Welcome123,TRUE,3,20,702-528-8028,TRUE,TRUE,10/21/2021
408,eshenfishbb@economist.com,P@ssw0rd123,FALSE,5,285,671-597-4797,FALSE,FALSE,10/19/2021
409,kcarvillbc@elpais.com,Welcome123,FALSE,3,682,271-912-2666,TRUE,FALSE,9/19/2021
410,maitkenbd@utexas.edu,Temp@321,FALSE,2,252,336-482-3561,FALSE,TRUE,12/19/2021
411,bwaplintonbe@domainmarket.com,P@ssw0rd123,FALSE,5,424,387-405-4010,FALSE,FALSE,12-11-2021
412,wbaldambf@marriott.com,Welcome123,TRUE,3,133,350-463-1222,FALSE,TRUE,11/27/2021
413,omancellbg@jimdo.com,P@ssw0rd123,TRUE,2,454,547-548-8887,TRUE,FALSE,12/23/2021
414,abartholinbh@foxnews.com,Welcome123,FALSE,4,748,387-112-0002,FALSE,FALSE,08-01-2021
415,gkiellorbi@xinhuanet.com,Welcome123,TRUE,0,673,909-239-1999,TRUE,TRUE,9/17/2021
416,tpatinkinbj@prnewswire.com,Temp@321,TRUE,3,699,557-934-8174,FALSE,FALSE,09-08-2021
417,qroystebk@wix.com,Temp@321,TRUE,2,628,217-817-5169,TRUE,TRUE,09-12-2021
418,daiskriggbl@house.gov,Welcome123,FALSE,1,173,679-966-8009,FALSE,FALSE,07-12-2021
419,rayrtonbm@dyndns.org,P@ssw0rd123,FALSE,5,230,678-640-7329,FALSE,FALSE,7/30/2021
420,bclemotbn@wsj.com,Temp@321,FALSE,4,175,813-484-8884,TRUE,FALSE,7/30/2021
421,keltunebo@bing.com,P@ssw0rd123,FALSE,1,652,719-504-4952,FALSE,TRUE,09-08-2021
422,lhintzerbp@delicious.com,Welcome123,FALSE,2,59,770-342-4805,FALSE,FALSE,12/14/2021
423,bbucktroutbq@slate.com,Temp@321,FALSE,3,538,880-524-8446,FALSE,FALSE,7/25/2021
424,cbaulkbr@desdev.cn,Temp@321,TRUE,3,247,681-541-3657,TRUE,TRUE,10/15/2021
425,mwalentynowiczbs@google.ru,Welcome123,TRUE,4,564,350-248-2799,FALSE,TRUE,11/26/2021
426,blinnellbt@army.mil,Welcome123,TRUE,0,584,106-300-2618,TRUE,FALSE,8/20/2021
427,tswainsonbu@netvibes.com,Welcome123,FALSE,3,581,951-984-2915,FALSE,FALSE,11/19/2021
428,awandrachbv@apache.org,Temp@321,FALSE,2,238,580-531-0631,FALSE,TRUE,08-12-2021
429,mlyndebw@cbslocal.com,Welcome123,FALSE,2,952,693-958-5630,TRUE,FALSE,12-06-2021
430,ldellitbx@un.org,Welcome123,FALSE,1,701,291-163-0752,FALSE,TRUE,7/25/2021
431,jroocroftby@blogs.com,P@ssw0rd123,TRUE,4,721,110-437-5916,FALSE,TRUE,9/18/2021
432,mlewsybz@networkadvertising.org,Temp@321,FALSE,1,920,848-432-4288,TRUE,FALSE,12/14/2021
433,kprophetc0@sfgate.com,Temp@321,TRUE,0,971,899-868-4244,FALSE,FALSE,08-12-2021
434,smancktelowc1@google.ru,Welcome123,TRUE,2,316,470-163-4183,FALSE,TRUE,9/30/2021
435,ypettingallc2@dot.gov,P@ssw0rd123,FALSE,3,888,849-564-0481,FALSE,TRUE,10/18/2021
436,skorneichukc3@mac.com,Welcome123,FALSE,2,683,838-406-3235,TRUE,FALSE,9/28/2021
437,bplattsc4@bbb.org,Temp@321,TRUE,2,331,263-111-7470,TRUE,FALSE,8/28/2021
438,hleamingc5@jugem.jp,P@ssw0rd123,FALSE,5,427,891-970-4140,FALSE,TRUE,12/19/2021
439,ccuestac6@com.com,Temp@321,TRUE,2,187,581-127-4250,TRUE,FALSE,12/13/2021
440,gslewcockc7@sciencedaily.com,Temp@321,FALSE,3,268,392-939-2535,FALSE,TRUE,12/20/2021
441,lcaganc8@cbsnews.com,Welcome123,FALSE,2,599,633-479-7135,FALSE,TRUE,7/30/2021
442,tgildeac9@utexas.edu,Welcome123,FALSE,2,572,215-448-6761,TRUE,TRUE,12/26/2021
443,amatschekca@youtu.be,P@ssw0rd123,FALSE,2,177,778-260-6618,FALSE,TRUE,10-10-2021
444,sliddycb@springer.com,Welcome123,TRUE,4,349,852-117-3776,TRUE,FALSE,10/17/2021
445,tgoscombcc@plala.or.jp,Welcome123,TRUE,0,546,439-309-0550,FALSE,FALSE,8/14/2021
446,vfidelecd@seattletimes.com,Temp@321,FALSE,0,417,773-991-7440,FALSE,TRUE,10-12-2021
447,ajeffressce@whitehouse.gov,P@ssw0rd123,TRUE,4,646,832-835-0206,TRUE,TRUE,10/15/2021
448,nskinleycf@sohu.com,Welcome123,TRUE,2,350,941-296-0695,TRUE,TRUE,11/22/2021
449,dbevanscg@reference.com,P@ssw0rd123,TRUE,2,813,511-749-4368,FALSE,TRUE,12/22/2021
450,rwoodgerch@jugem.jp,P@ssw0rd123,FALSE,3,849,205-625-7056,TRUE,TRUE,11/20/2021
451,wmargarsonci@sbwire.com,P@ssw0rd123,TRUE,0,13,589-883-0007,TRUE,FALSE,09-03-2021
452,mduffreecj@xrea.com,Temp@321,TRUE,1,585,212-742-6738,FALSE,TRUE,10-08-2021
453,jgrisleyck@google.it,Welcome123,FALSE,2,863,516-480-9117,TRUE,TRUE,10-03-2021
454,rimesencl@blogger.com,Welcome123,FALSE,2,162,558-369-8834,FALSE,TRUE,08-07-2021
455,psellscm@nature.com,Temp@321,TRUE,0,105,272-286-7085,FALSE,TRUE,7/29/2021
456,jgoadbycn@storify.com,Welcome123,TRUE,3,784,752-680-3561,FALSE,TRUE,8/20/2021
457,cgannicottco@exblog.jp,P@ssw0rd123,FALSE,5,515,698-897-4220,FALSE,FALSE,10/31/2021
458,oolechcp@google.nl,P@ssw0rd123,TRUE,1,58,757-253-8323,TRUE,TRUE,7/15/2021
459,weasterfieldcq@chronoengine.com,P@ssw0rd123,TRUE,1,685,537-422-2804,FALSE,TRUE,08-08-2021
460,jdanslowcr@cornell.edu,P@ssw0rd123,TRUE,4,890,143-395-3609,TRUE,TRUE,7/19/2021
461,dsheracs@163.com,P@ssw0rd123,FALSE,0,246,520-540-8150,FALSE,TRUE,9/30/2021
462,jchurchleyct@whitehouse.gov,Welcome123,FALSE,5,4,574-379-5217,TRUE,FALSE,8/25/2021
463,rwhyecu@discovery.com,Temp@321,FALSE,1,98,787-759-6875,TRUE,FALSE,08-09-2021
464,rbeckettcv@instagram.com,Temp@321,FALSE,2,489,757-339-1780,TRUE,TRUE,08-02-2021
465,fflaoniercw@yellowbook.com,Welcome123,TRUE,5,44,224-831-4460,TRUE,FALSE,7/14/2021
466,vdaldancx@4shared.com,Welcome123,FALSE,4,175,924-449-1753,TRUE,TRUE,08-09-2021
467,kensleycy@indiegogo.com,Temp@321,FALSE,2,278,417-425-9335,TRUE,FALSE,11/23/2021
468,msaphircz@house.gov,Temp@321,FALSE,0,755,840-119-4568,FALSE,FALSE,11/26/2021
469,scastanagad0@ovh.net,Welcome123,FALSE,1,572,319-526-2121,TRUE,FALSE,12/15/2021
470,lclined1@hao123.com,P@ssw0rd123,TRUE,3,717,168-695-0071,TRUE,TRUE,07-05-2021
471,ecordayd2@abc.net.au,Welcome123,TRUE,1,340,628-100-7354,FALSE,FALSE,8/22/2021
472,clundbechd3@wikimedia.org,Temp@321,TRUE,1,228,471-804-5127,TRUE,TRUE,8/20/2021
473,kmethd4@adobe.com,Welcome123,TRUE,1,803,771-518-4283,TRUE,FALSE,12-12-2021
474,lcanlind5@photobucket.com,P@ssw0rd123,FALSE,1,919,624-364-7722,TRUE,FALSE,11/22/2021
475,elammerichd6@nsw.gov.au,P@ssw0rd123,TRUE,2,855,280-893-0774,FALSE,FALSE,08-04-2021
476,syakobovitzd7@opensource.org,P@ssw0rd123,TRUE,2,232,688-135-0517,FALSE,FALSE,8/27/2021
477,abeckeyd8@reuters.com,Welcome123,FALSE,3,397,916-326-2421,FALSE,FALSE,7/31/2021
478,dinkled9@biglobe.ne.jp,P@ssw0rd123,TRUE,3,874,774-345-3962,FALSE,FALSE,8/17/2021
479,apallyda@sun.com,Temp@321,FALSE,4,710,454-229-2772,TRUE,TRUE,07-08-2021
480,bcolborndb@squarespace.com,Welcome123,FALSE,2,760,759-837-8684,TRUE,TRUE,9/30/2021
481,mstepneydc@time.com,Welcome123,FALSE,1,858,204-961-0962,FALSE,TRUE,08-03-2021
482,lknudsendd@ted.com,Welcome123,TRUE,1,33,550-575-7728,FALSE,TRUE,11/18/2021
483,jpounderde@princeton.edu,P@ssw0rd123,FALSE,3,412,484-779-7161,TRUE,TRUE,9/30/2021
484,xrubbensdf@slate.com,P@ssw0rd123,TRUE,1,336,258-224-3342,FALSE,TRUE,8/18/2021
485,ppocknolldg@joomla.org,P@ssw0rd123,FALSE,1,398,752-631-7410,FALSE,TRUE,12/15/2021
486,tcreamendh@shutterfly.com,Temp@321,FALSE,3,429,710-110-7681,FALSE,FALSE,11-03-2021
487,mdurbanndi@xing.com,P@ssw0rd123,FALSE,3,58,583-407-4668,FALSE,TRUE,08-07-2021
488,pbinerdj@about.me,Temp@321,FALSE,0,581,467-707-2845,FALSE,TRUE,9/18/2021
489,tetoiledk@typepad.com,P@ssw0rd123,TRUE,0,275,657-604-5505,FALSE,TRUE,07-12-2021
490,lcollingsdl@google.nl,Welcome123,TRUE,3,915,187-513-1086,TRUE,TRUE,12-07-2021
491,ascneiderdm@hexun.com,Temp@321,TRUE,2,485,846-112-8162,FALSE,FALSE,10-11-2021
492,mallebonedn@about.me,P@ssw0rd123,TRUE,5,900,868-441-3364,FALSE,FALSE,10/14/2021
493,scureedo@zimbio.com,P@ssw0rd123,FALSE,3,872,607-875-6063,TRUE,TRUE,10/28/2021
494,tgelemandp@naver.com,Welcome123,TRUE,0,905,254-796-3803,TRUE,FALSE,11-05-2021
495,csellimandq@delicious.com,P@ssw0rd123,FALSE,5,235,764-905-4199,FALSE,FALSE,09-01-2021
496,jdovermanndr@engadget.com,Temp@321,TRUE,0,967,400-497-2151,FALSE,FALSE,10/25/2021
497,cwisbeyds@dedecms.com,Temp@321,TRUE,1,746,919-674-5093,TRUE,FALSE,11/14/2021
498,pdreschlerdt@cbsnews.com,P@ssw0rd123,TRUE,2,450,626-779-2949,TRUE,TRUE,7/15/2021
499,mhuncootdu@dell.com,Temp@321,FALSE,2,794,917-164-1823,TRUE,TRUE,8/31/2021
500,rpeekdv@icq.com,P@ssw0rd123,FALSE,1,836,553-589-8690,TRUE,FALSE,10/28/2021
501,rriditchdw@tripod.com,Temp@321,FALSE,5,699,211-491-4037,FALSE,FALSE,11/19/2021
502,gdemarcodx@ebay.com,Welcome123,TRUE,3,124,808-288-0552,FALSE,TRUE,12-07-2021
503,amcffadendy@nps.gov,P@ssw0rd123,TRUE,2,505,541-803-6272,FALSE,FALSE,9/22/2021
504,cedgelldz@uol.com.br,Temp@321,FALSE,2,699,351-166-7919,TRUE,FALSE,12-07-2021
505,mcapitanoe0@wikispaces.com,Welcome123,TRUE,4,179,812-229-3980,TRUE,FALSE,12/27/2021
506,ipaviere1@newyorker.com,Welcome123,TRUE,3,390,216-579-2593,TRUE,TRUE,8/27/2021
507,jhazelhurste2@biblegateway.com,P@ssw0rd123,FALSE,4,304,359-811-8439,FALSE,FALSE,7/29/2021
508,mbergete3@nytimes.com,P@ssw0rd123,FALSE,1,273,926-222-2758,FALSE,FALSE,09-03-2021
509,rfoulshame4@businessinsider.com,Welcome123,FALSE,5,742,124-681-8731,TRUE,TRUE,10/21/2021
510,mduligale5@smh.com.au,Welcome123,FALSE,1,652,978-460-9595,FALSE,TRUE,12/22/2021
511,dtotterdille6@qq.com,P@ssw0rd123,TRUE,4,766,352-368-0380,FALSE,TRUE,10/26/2021
512,mfeatherstone7@wikia.com,Temp@321,TRUE,4,663,877-696-6834,TRUE,FALSE,12/25/2021
513,hcostarde8@yahoo.co.jp,Temp@321,TRUE,4,811,737-579-5694,TRUE,FALSE,8/26/2021
514,rtremblote9@dot.gov,Welcome123,TRUE,2,710,491-355-8584,FALSE,TRUE,10/23/2021
515,avisickea@home.pl,Welcome123,TRUE,2,409,304-919-5950,FALSE,TRUE,11/30/2021
516,udaintereb@thetimes.co.uk,Welcome123,TRUE,2,165,343-704-8981,TRUE,FALSE,7/27/2021
517,fsodorec@wikispaces.com,P@ssw0rd123,FALSE,0,756,907-590-8496,TRUE,TRUE,12-10-2021
518,kcheeled@ox.ac.uk,Temp@321,TRUE,1,563,681-628-1797,TRUE,FALSE,09-09-2021
519,mmayteee@typepad.com,Welcome123,TRUE,3,213,317-948-6376,TRUE,TRUE,10-07-2021
520,sbotheef@creativecommons.org,Temp@321,TRUE,4,578,536-561-0399,TRUE,TRUE,10-11-2021
521,aheephyeg@list-manage.com,P@ssw0rd123,TRUE,4,969,714-745-3975,TRUE,FALSE,07-11-2021
522,mowttrimeh@google.nl,Welcome123,FALSE,5,670,670-379-0880,TRUE,FALSE,8/19/2021
523,mgiddyei@sfgate.com,P@ssw0rd123,FALSE,4,136,676-330-3221,FALSE,FALSE,10-07-2021
524,aleaknerej@pinterest.com,Welcome123,FALSE,4,498,151-894-7911,FALSE,FALSE,12/13/2021
525,mmordueek@cdbaby.com,P@ssw0rd123,TRUE,3,584,902-854-5200,TRUE,TRUE,8/22/2021
526,kohoneel@geocities.jp,Temp@321,FALSE,0,533,128-723-9971,FALSE,FALSE,11-10-2021
527,jbinhamem@desdev.cn,Temp@321,FALSE,0,392,609-835-2803,TRUE,TRUE,10-09-2021
528,rkordasen@ustream.tv,P@ssw0rd123,TRUE,1,501,312-747-7953,TRUE,TRUE,11-01-2021
529,akleyneo@usatoday.com,Welcome123,FALSE,2,409,236-795-7437,TRUE,TRUE,7/23/2021
530,jkyteleyep@issuu.com,Welcome123,FALSE,3,764,867-650-8759,TRUE,FALSE,08-09-2021
531,clourenseq@buzzfeed.com,P@ssw0rd123,FALSE,1,603,486-669-5160,TRUE,TRUE,10/17/2021
532,deversfielder@fastcompany.com,Welcome123,FALSE,0,328,208-592-7847,TRUE,TRUE,8/19/2021
533,ejoinsones@newyorker.com,P@ssw0rd123,TRUE,0,906,421-126-1662,TRUE,FALSE,8/18/2021
534,cknoket@about.com,Temp@321,TRUE,4,797,370-754-5162,TRUE,FALSE,12-06-2021
535,mnewshameu@whitehouse.gov,P@ssw0rd123,TRUE,0,481,914-471-4490,FALSE,FALSE,12-02-2021
536,nmacfarlaneev@people.com.cn,P@ssw0rd123,TRUE,2,254,460-926-6318,FALSE,TRUE,12/23/2021
537,cbowickew@cargocollective.com,P@ssw0rd123,TRUE,3,767,231-812-0863,TRUE,FALSE,07-11-2021
538,ljubertex@cocolog-nifty.com,Temp@321,FALSE,1,577,787-243-0491,FALSE,TRUE,10-02-2021
539,clonghorney@canalblog.com,P@ssw0rd123,TRUE,1,451,561-244-6807,TRUE,TRUE,7/18/2021
540,maingerez@eepurl.com,P@ssw0rd123,FALSE,5,616,729-359-9213,FALSE,TRUE,11-06-2021
541,cfirmagef0@e-recht24.de,Temp@321,TRUE,3,487,528-133-6532,FALSE,TRUE,9/15/2021
542,vsendallf1@dailymotion.com,P@ssw0rd123,FALSE,4,175,473-236-7545,TRUE,FALSE,12-05-2021
543,ntruggianf2@bloglines.com,Temp@321,FALSE,0,665,232-990-2945,TRUE,FALSE,7/19/2021
544,rsnowmanf3@cmu.edu,Welcome123,FALSE,3,694,174-187-0978,TRUE,TRUE,11/15/2021
545,sworlingf4@ft.com,P@ssw0rd123,TRUE,1,746,766-664-3006,TRUE,FALSE,10-07-2021
546,klimpennyf5@accuweather.com,Temp@321,FALSE,4,679,243-896-6313,FALSE,TRUE,09-07-2021
547,bthredderf6@arizona.edu,Welcome123,TRUE,4,948,476-768-4462,TRUE,FALSE,9/17/2021
548,dbaskwellf7@bing.com,Temp@321,FALSE,1,451,988-702-2320,TRUE,FALSE,07-05-2021
549,sklugef8@sina.com.cn,Welcome123,TRUE,3,688,684-907-4740,FALSE,FALSE,09-08-2021
550,ypeattief9@posterous.com,P@ssw0rd123,FALSE,3,382,766-156-3380,FALSE,TRUE,11/22/2021
551,ebreacherfa@mozilla.com,Temp@321,TRUE,2,103,811-529-7751,FALSE,TRUE,09-11-2021
552,hcatterollfb@pen.io,P@ssw0rd123,FALSE,0,99,806-478-2086,FALSE,TRUE,10/15/2021
553,bbalogunfc@aboutads.info,Welcome123,TRUE,5,887,943-285-7442,TRUE,FALSE,11/16/2021
554,imaseykfd@dot.gov,P@ssw0rd123,FALSE,5,92,695-142-4383,FALSE,FALSE,11-06-2021
555,ademeterfe@aboutads.info,P@ssw0rd123,FALSE,5,59,737-904-7318,TRUE,TRUE,11-04-2021
556,dhadleeff@so-net.ne.jp,Welcome123,FALSE,4,265,272-750-0399,FALSE,TRUE,9/20/2021
557,efolliottfg@nifty.com,Welcome123,FALSE,2,938,650-301-3406,FALSE,TRUE,12-05-2021
558,jrushfh@dailymotion.com,Welcome123,FALSE,2,792,118-176-9080,TRUE,FALSE,10/26/2021
559,dbarberfi@godaddy.com,P@ssw0rd123,TRUE,3,292,705-121-2827,TRUE,FALSE,07-06-2021
560,tbriantfj@dion.ne.jp,P@ssw0rd123,TRUE,5,253,683-919-6348,FALSE,TRUE,8/29/2021
561,jtrencherfk@bloglines.com,Welcome123,TRUE,1,724,914-458-8623,TRUE,TRUE,7/23/2021
562,isaywellfl@ibm.com,Welcome123,FALSE,2,611,876-776-2386,TRUE,TRUE,08-07-2021
563,rmckelveyfm@flavors.me,Welcome123,TRUE,0,327,150-474-5173,FALSE,FALSE,7/16/2021
564,mmcgarviefn@homestead.com,P@ssw0rd123,TRUE,4,934,903-332-4565,FALSE,TRUE,10-03-2021
565,hvakhoninfo@g.co,Temp@321,FALSE,3,351,567-312-2333,FALSE,TRUE,8/16/2021
566,pottewillfp@japanpost.jp,Welcome123,TRUE,2,838,176-645-4345,FALSE,FALSE,10/21/2021
567,dblumirefq@arstechnica.com,Temp@321,TRUE,3,259,223-892-2746,FALSE,FALSE,12/24/2021
568,brameaufr@a8.net,P@ssw0rd123,TRUE,4,493,231-783-1221,TRUE,FALSE,07-08-2021
569,cvannefs@netlog.com,P@ssw0rd123,FALSE,0,925,586-961-6769,TRUE,TRUE,11-12-2021
570,bcurrorft@bloglovin.com,Welcome123,FALSE,4,636,916-477-9008,TRUE,FALSE,12-09-2021
571,ccaffertyfu@mysql.com,Welcome123,TRUE,3,750,121-511-5820,TRUE,FALSE,09-05-2021
572,nedgintonfv@sakura.ne.jp,Welcome123,TRUE,0,126,209-663-3111,FALSE,FALSE,7/18/2021
573,bdalyellfw@tiny.cc,Temp@321,TRUE,2,77,640-390-9348,TRUE,TRUE,10-01-2021
574,yseabrightfx@usgs.gov,Temp@321,FALSE,4,535,172-559-3885,FALSE,FALSE,10/17/2021
575,fswaytonfy@paypal.com,Temp@321,TRUE,4,601,573-926-2486,TRUE,TRUE,11/25/2021
576,efarrawayfz@github.com,P@ssw0rd123,FALSE,1,448,423-165-7058,TRUE,TRUE,08-10-2021
577,memptageg0@naver.com,P@ssw0rd123,FALSE,3,966,261-758-9448,TRUE,TRUE,7/22/2021
578,bduffilg1@paginegialle.it,P@ssw0rd123,FALSE,2,272,943-762-2579,TRUE,FALSE,10/14/2021
579,awhittleseeg2@godaddy.com,P@ssw0rd123,FALSE,3,353,644-267-9289,TRUE,FALSE,7/13/2021
580,spreddleg3@berkeley.edu,Temp@321,FALSE,1,507,214-711-9235,FALSE,TRUE,07-08-2021
581,hmorefieldg4@weibo.com,Welcome123,FALSE,0,84,561-102-9229,TRUE,FALSE,10/15/2021
582,dhowseg5@booking.com,Welcome123,FALSE,2,366,342-760-8079,FALSE,FALSE,12/24/2021
583,aburnsg6@dailymotion.com,Welcome123,FALSE,4,390,937-765-4567,FALSE,FALSE,11/27/2021
584,mmcgivenag7@hibu.com,P@ssw0rd123,TRUE,0,86,132-690-8889,FALSE,TRUE,8/23/2021
585,fandrissg8@accuweather.com,P@ssw0rd123,TRUE,4,441,190-384-1783,FALSE,FALSE,11/25/2021
586,amassenhoveg9@theatlantic.com,Welcome123,TRUE,1,431,536-818-4797,FALSE,TRUE,8/23/2021
587,rlutenga@com.com,P@ssw0rd123,FALSE,4,801,777-553-0725,TRUE,FALSE,9/15/2021
588,cclemendotgb@indiegogo.com,Temp@321,FALSE,2,652,921-498-7879,FALSE,FALSE,09-07-2021
589,ygurtongc@sitemeter.com,P@ssw0rd123,FALSE,4,230,725-771-9907,FALSE,TRUE,8/27/2021
590,sfranzettigd@artisteer.com,Welcome123,FALSE,2,10,303-855-3487,TRUE,FALSE,7/20/2021
591,mmcfaulge@princeton.edu,P@ssw0rd123,TRUE,3,290,913-206-8866,FALSE,FALSE,9/23/2021
592,ahowattgf@theguardian.com,Temp@321,TRUE,4,937,845-346-0783,TRUE,TRUE,8/15/2021
593,jpickrillgg@tripod.com,Temp@321,FALSE,4,469,872-759-8130,TRUE,TRUE,9/29/2021
594,blandellsgh@spiegel.de,Temp@321,TRUE,1,29,550-288-2364,TRUE,FALSE,11/27/2021
595,vdanilyakgi@elpais.com,Welcome123,TRUE,2,433,208-182-1159,TRUE,FALSE,7/29/2021
596,gbriddockgj@bloomberg.com,Temp@321,TRUE,1,275,504-840-1518,TRUE,FALSE,7/22/2021
597,blacknergk@trellian.com,Temp@321,TRUE,1,268,441-319-9466,TRUE,FALSE,9/17/2021
598,lkernellgl@de.vu,Temp@321,FALSE,5,829,306-537-2803,FALSE,TRUE,8/31/2021
599,vkeinratgm@odnoklassniki.ru,P@ssw0rd123,TRUE,2,908,144-153-5309,TRUE,FALSE,08-03-2021
600,ethirskgn@marriott.com,Welcome123,FALSE,2,868,188-797-6671,TRUE,FALSE,08-06-2021
601,rrittmeiergo@cpanel.net,Welcome123,FALSE,1,690,575-633-1545,FALSE,TRUE,10/27/2021
602,hvousdengp@cocolog-nifty.com,Welcome123,TRUE,3,632,665-421-4120,FALSE,FALSE,12/22/2021
603,mcorroyergq@weather.com,Welcome123,TRUE,3,507,587-510-5239,TRUE,FALSE,7/20/2021
604,bcrossongr@discuz.net,Temp@321,FALSE,1,495,292-212-3071,TRUE,FALSE,07-11-2021
605,gdidballgs@youtu.be,P@ssw0rd123,TRUE,4,957,780-829-7981,TRUE,FALSE,9/23/2021
606,cwallesgt@slate.com,P@ssw0rd123,FALSE,3,509,632-224-6954,TRUE,TRUE,08-03-2021
607,bbarkegu@imgur.com,Temp@321,TRUE,5,552,125-373-4889,TRUE,FALSE,8/15/2021
608,nsaggsgv@utexas.edu,P@ssw0rd123,TRUE,3,533,907-894-3918,TRUE,FALSE,9/18/2021
609,kcussgw@cbc.ca,P@ssw0rd123,FALSE,1,520,823-195-4796,FALSE,FALSE,09-12-2021
610,mgeffengx@google.com.au,Welcome123,FALSE,4,759,274-956-8819,FALSE,FALSE,12-04-2021
611,sredhollsgy@webs.com,P@ssw0rd123,TRUE,2,856,254-988-2518,TRUE,FALSE,11-05-2021
612,aspekegz@globo.com,P@ssw0rd123,TRUE,4,471,708-813-7024,TRUE,TRUE,12/18/2021
613,dbullionh0@usatoday.com,Temp@321,FALSE,5,368,328-457-9046,TRUE,TRUE,08-05-2021
614,dtraskh1@ucsd.edu,Welcome123,FALSE,4,555,814-335-4811,TRUE,FALSE,12/24/2021
615,acorkeh2@paginegialle.it,P@ssw0rd123,TRUE,3,172,105-778-3748,FALSE,TRUE,09-11-2021
616,mclewerh3@sina.com.cn,Temp@321,FALSE,0,853,403-879-8682,TRUE,FALSE,11-12-2021
617,rgodonh4@istockphoto.com,Welcome123,TRUE,0,985,278-333-9292,FALSE,TRUE,09-08-2021
618,dblanth5@businesswire.com,Welcome123,TRUE,3,973,482-415-0243,TRUE,FALSE,7/14/2021
619,nsoarh6@aol.com,Welcome123,TRUE,2,19,621-676-1341,FALSE,FALSE,7/29/2021
620,agurryh7@dedecms.com,Welcome123,FALSE,2,539,121-229-3336,FALSE,FALSE,11/14/2021
621,vilieveh8@last.fm,P@ssw0rd123,FALSE,5,787,349-971-1235,FALSE,TRUE,11/14/2021
622,pippletth9@wp.com,Temp@321,TRUE,2,440,296-284-2417,TRUE,TRUE,11-07-2021
623,ihogsdenha@miitbeian.gov.cn,P@ssw0rd123,FALSE,5,790,799-398-2473,TRUE,FALSE,12/15/2021
624,rbeeckxhb@archive.org,Temp@321,FALSE,5,876,624-977-8579,TRUE,TRUE,09-06-2021
625,cdaouzehc@dailymotion.com,P@ssw0rd123,FALSE,4,929,980-746-4166,TRUE,TRUE,8/26/2021
626,ssweetlovehd@amazon.co.uk,Welcome123,FALSE,4,988,885-994-6409,FALSE,FALSE,08-03-2021
627,hlyddyardhe@ezinearticles.com,P@ssw0rd123,TRUE,0,184,521-294-0663,FALSE,TRUE,12/20/2021
628,elamzedhf@wunderground.com,Welcome123,TRUE,2,496,236-110-6836,TRUE,FALSE,10/14/2021
629,gpichmannhg@tumblr.com,P@ssw0rd123,TRUE,1,372,737-607-0112,FALSE,TRUE,07-07-2021
630,smeaddowcrofthh@wp.com,Temp@321,FALSE,3,879,211-412-6606,FALSE,FALSE,8/31/2021
631,polyethi@scientificamerican.com,P@ssw0rd123,FALSE,3,369,906-262-7421,FALSE,TRUE,11-09-2021
632,tnoddingshj@npr.org,Temp@321,TRUE,3,87,942-768-2698,TRUE,FALSE,9/30/2021
633,odimatteohk@nyu.edu,P@ssw0rd123,FALSE,1,994,443-710-4736,FALSE,TRUE,11/28/2021
634,kmathethl@noaa.gov,P@ssw0rd123,FALSE,1,511,136-936-4343,FALSE,FALSE,08-06-2021
635,sdeaconhm@deliciousdays.com,Welcome123,TRUE,4,19,150-588-3857,FALSE,TRUE,9/20/2021
636,pwenthn@mac.com,P@ssw0rd123,TRUE,5,900,242-487-7729,TRUE,TRUE,10-06-2021
637,mianinottiho@infoseek.co.jp,Welcome123,TRUE,0,642,626-259-1589,TRUE,TRUE,08-09-2021
638,soughtonhp@jimdo.com,P@ssw0rd123,TRUE,2,147,487-683-4184,TRUE,FALSE,11/17/2021
639,acalderohq@yale.edu,P@ssw0rd123,FALSE,2,27,598-881-7645,TRUE,FALSE,10/15/2021
640,bscotsonhr@ask.com,P@ssw0rd123,TRUE,2,606,387-137-5652,TRUE,TRUE,12-01-2021
641,mteidemanhs@google.it,Temp@321,FALSE,3,283,344-806-6315,TRUE,FALSE,10/24/2021
642,mhamlinht@a8.net,P@ssw0rd123,FALSE,4,287,327-313-1298,TRUE,FALSE,10-06-2021
643,aatackhu@telegraph.co.uk,Welcome123,FALSE,2,251,551-493-7597,TRUE,FALSE,10/22/2021
644,plibermorehv@hc360.com,P@ssw0rd123,FALSE,5,265,104-929-3313,TRUE,TRUE,9/24/2021
645,hgodlemanhw@networkadvertising.org,Welcome123,FALSE,2,577,873-884-0813,FALSE,FALSE,10/17/2021
646,awondraschekhx@indiatimes.com,Temp@321,TRUE,4,173,316-316-8037,FALSE,TRUE,9/20/2021
647,kimpyhy@stanford.edu,Temp@321,FALSE,3,422,399-468-2658,TRUE,TRUE,10-06-2021
648,smulhollandhz@home.pl,Temp@321,FALSE,2,376,574-297-0889,FALSE,FALSE,10/21/2021
649,lmordiei0@omniture.com,Welcome123,FALSE,3,919,308-122-3726,FALSE,FALSE,10/26/2021
650,egasnelli1@myspace.com,P@ssw0rd123,TRUE,1,83,179-434-9570,TRUE,FALSE,10/24/2021
651,rdeinhardi2@economist.com,P@ssw0rd123,FALSE,0,140,909-942-7603,FALSE,TRUE,11/20/2021
652,dcattersoni3@huffingtonpost.com,Temp@321,FALSE,3,886,412-219-4346,FALSE,FALSE,12/27/2021
653,itoolini4@walmart.com,Temp@321,TRUE,5,723,461-880-2760,FALSE,TRUE,10-10-2021
654,mfattorinii5@sciencedaily.com,P@ssw0rd123,TRUE,2,989,935-327-8523,TRUE,TRUE,12/27/2021
655,mclarisi6@wix.com,Welcome123,FALSE,5,960,331-852-3623,FALSE,FALSE,08-07-2021
656,wboasti7@soup.io,Temp@321,FALSE,5,318,639-224-5662,FALSE,TRUE,10-09-2021
657,mhadkinsi8@gizmodo.com,P@ssw0rd123,FALSE,5,923,554-986-9110,TRUE,FALSE,7/31/2021
658,bnolani9@nbcnews.com,Temp@321,TRUE,4,797,475-734-1693,TRUE,FALSE,10/14/2021
659,jmustardeia@storify.com,Temp@321,FALSE,4,217,535-316-4126,FALSE,FALSE,11/29/2021
660,jwentworthib@weebly.com,Temp@321,FALSE,2,900,454-532-9258,TRUE,TRUE,12/23/2021
661,jsemeredic@google.nl,Temp@321,TRUE,2,783,486-865-1428,FALSE,FALSE,08-04-2021
662,ahesserid@vimeo.com,P@ssw0rd123,FALSE,3,12,732-795-9889,FALSE,TRUE,8/14/2021
663,wdeclerqie@biblegateway.com,Temp@321,TRUE,2,524,143-498-2558,TRUE,TRUE,09-10-2021
664,beaggerif@angelfire.com,Welcome123,TRUE,1,279,248-116-6871,TRUE,TRUE,8/27/2021
665,ccollabineig@mozilla.org,Welcome123,FALSE,1,204,606-793-7328,TRUE,TRUE,11/15/2021
666,mtreffreyih@mediafire.com,P@ssw0rd123,FALSE,2,251,659-899-1691,FALSE,FALSE,7/28/2021
667,hmernerii@ning.com,Temp@321,FALSE,5,849,393-113-4794,TRUE,FALSE,7/27/2021
668,lullettij@wix.com,Welcome123,FALSE,1,901,653-205-4981,TRUE,TRUE,07-06-2021
669,gfairlemik@nsw.gov.au,P@ssw0rd123,TRUE,5,842,857-341-8993,FALSE,TRUE,8/30/2021
670,dpetofiil@csmonitor.com,P@ssw0rd123,FALSE,4,107,678-549-2895,TRUE,TRUE,12/17/2021
671,nwillersim@gravatar.com,Temp@321,FALSE,1,424,374-924-1238,FALSE,TRUE,07-03-2021
672,atrowlerin@newsvine.com,Temp@321,TRUE,0,426,407-952-7575,TRUE,FALSE,12-12-2021
673,vortigerio@slideshare.net,P@ssw0rd123,FALSE,0,995,418-532-8840,TRUE,FALSE,11/15/2021
674,tdilkesip@bizjournals.com,P@ssw0rd123,FALSE,3,508,772-952-3953,TRUE,TRUE,12-08-2021
675,hkidmaniq@pinterest.com,Temp@321,TRUE,4,219,976-465-9275,FALSE,TRUE,12/21/2021
676,ledgcumbeir@live.com,P@ssw0rd123,TRUE,1,579,889-716-0417,TRUE,TRUE,12/26/2021
677,mohartiganis@netvibes.com,P@ssw0rd123,TRUE,1,228,190-702-0635,TRUE,TRUE,12-07-2021
678,frodenit@meetup.com,P@ssw0rd123,FALSE,3,701,955-738-6784,TRUE,TRUE,11/30/2021
679,ssnuggsiu@issuu.com,Temp@321,TRUE,2,911,670-593-8252,FALSE,FALSE,7/31/2021
680,emcquilleniv@cnet.com,Temp@321,TRUE,3,721,893-333-8322,TRUE,FALSE,09-12-2021
681,kreditiw@google.co.jp,P@ssw0rd123,FALSE,1,301,792-553-8879,TRUE,TRUE,7/27/2021
682,bizakix@comsenz.com,Welcome123,FALSE,5,769,224-275-9766,FALSE,TRUE,12/22/2021
683,cskentelburyiy@mayoclinic.com,Temp@321,TRUE,0,828,954-719-8395,TRUE,FALSE,7/19/2021
684,cstledgeriz@usnews.com,Welcome123,TRUE,4,552,371-436-3950,TRUE,FALSE,12/22/2021
685,hdurtnallj0@ft.com,P@ssw0rd123,FALSE,4,494,180-106-0413,FALSE,FALSE,9/14/2021
686,jrudloffj1@icio.us,P@ssw0rd123,FALSE,3,817,900-868-2051,FALSE,FALSE,12/20/2021
687,mleebj2@springer.com,P@ssw0rd123,TRUE,5,621,374-909-8223,TRUE,TRUE,7/25/2021
688,nshillidayj3@sourceforge.net,Welcome123,FALSE,1,563,129-400-6350,FALSE,FALSE,12-12-2021
689,cyarnellj4@linkedin.com,P@ssw0rd123,TRUE,1,805,831-564-1166,TRUE,TRUE,08-04-2021
690,lmcmeylerj5@goo.ne.jp,Welcome123,FALSE,1,995,984-278-2027,FALSE,FALSE,9/28/2021
691,csignoretj6@jiathis.com,Temp@321,TRUE,4,53,425-483-2211,TRUE,TRUE,11/26/2021
692,wwattamj7@chronoengine.com,P@ssw0rd123,FALSE,4,913,965-934-6347,FALSE,FALSE,07-10-2021
693,celderidgej8@nsw.gov.au,P@ssw0rd123,FALSE,2,2,115-943-4751,TRUE,FALSE,12-04-2021
694,ldrillingcourtj9@china.com.cn,Welcome123,TRUE,0,322,163-292-5866,FALSE,TRUE,9/22/2021
695,pprobatja@wiley.com,P@ssw0rd123,FALSE,1,2,371-125-7304,TRUE,FALSE,12-04-2021
696,meversfieldjb@discovery.com,P@ssw0rd123,FALSE,2,239,526-180-4135,TRUE,FALSE,9/25/2021
697,cduthiejc@gmpg.org,Welcome123,FALSE,4,358,940-888-1225,TRUE,FALSE,12/30/2021
698,dbrabynjd@bandcamp.com,Temp@321,FALSE,2,202,576-565-1308,FALSE,TRUE,12/28/2021
699,hbazleyje@vkontakte.ru,Temp@321,TRUE,0,296,490-174-5893,TRUE,TRUE,12-12-2021
700,lsherejf@fotki.com,P@ssw0rd123,TRUE,3,249,153-280-4196,FALSE,FALSE,11/30/2021
701,gvodenjg@123-reg.co.uk,P@ssw0rd123,TRUE,4,235,979-938-1372,FALSE,TRUE,11-03-2021
702,sskillingsjh@zdnet.com,P@ssw0rd123,TRUE,5,714,256-105-1185,FALSE,FALSE,9/17/2021
703,tforstallji@omniture.com,Temp@321,FALSE,2,73,774-781-7261,TRUE,TRUE,9/13/2021
704,ksilversonjj@aboutads.info,Temp@321,FALSE,2,895,807-946-9386,TRUE,TRUE,09-12-2021
705,rtoopinjk@sbwire.com,Temp@321,FALSE,4,789,600-242-1062,FALSE,TRUE,8/21/2021
706,villemjl@so-net.ne.jp,Welcome123,FALSE,5,105,770-222-5303,TRUE,FALSE,10-04-2021
707,bdumperjm@jalbum.net,Welcome123,FALSE,2,226,520-760-2078,TRUE,FALSE,9/25/2021
708,jlomasjn@nasa.gov,Temp@321,FALSE,1,928,481-886-4232,FALSE,TRUE,7/29/2021
709,traulinjo@blog.com,P@ssw0rd123,TRUE,4,102,699-803-0676,FALSE,TRUE,9/21/2021
710,jeglesejp@posterous.com,P@ssw0rd123,TRUE,2,183,286-553-4396,FALSE,TRUE,08-03-2021
711,lyggojq@yelp.com,P@ssw0rd123,FALSE,4,657,594-440-4325,FALSE,TRUE,10-05-2021
712,ctrenamanjr@businessweek.com,P@ssw0rd123,FALSE,0,496,528-753-1081,FALSE,FALSE,11/13/2021
713,dlagojs@uiuc.edu,Temp@321,FALSE,2,390,947-174-5876,TRUE,FALSE,09-07-2021
714,fclipshamjt@nydailynews.com,P@ssw0rd123,TRUE,5,142,296-768-7902,FALSE,TRUE,10/27/2021
715,dsnipeju@admin.ch,Welcome123,TRUE,2,339,324-115-0862,TRUE,TRUE,09-01-2021
716,sbidewelljv@blog.com,P@ssw0rd123,TRUE,3,920,565-489-7402,FALSE,FALSE,7/17/2021
717,iblazebyjw@redcross.org,Welcome123,TRUE,4,842,432-252-6422,TRUE,FALSE,11/28/2021
718,vcraigmylejx@thetimes.co.uk,Welcome123,FALSE,4,581,268-975-9928,TRUE,TRUE,10/28/2021
719,gdarrigojy@de.vu,P@ssw0rd123,FALSE,4,451,745-275-6497,TRUE,FALSE,9/18/2021
720,hliptrodjz@angelfire.com,P@ssw0rd123,FALSE,2,197,763-578-8797,FALSE,FALSE,8/26/2021
721,henockssonk0@alibaba.com,P@ssw0rd123,FALSE,0,824,797-440-7685,TRUE,TRUE,7/16/2021
722,istalmank1@theguardian.com,Temp@321,TRUE,0,916,978-714-5157,TRUE,TRUE,10/28/2021
723,hbarrask2@hibu.com,P@ssw0rd123,TRUE,5,457,366-152-0292,TRUE,TRUE,10/29/2021
724,tpechellk3@bing.com,P@ssw0rd123,TRUE,2,892,251-654-3653,FALSE,TRUE,09-04-2021
725,msonscheink4@amazonaws.com,Welcome123,TRUE,4,882,187-481-3573,FALSE,TRUE,11-07-2021
726,gkinnairdk5@webmd.com,Temp@321,FALSE,2,497,857-645-5195,TRUE,TRUE,8/27/2021
727,nmanonk6@studiopress.com,Welcome123,TRUE,1,377,346-547-9326,FALSE,TRUE,12/19/2021
728,ccabanek7@boston.com,P@ssw0rd123,FALSE,1,612,103-852-1346,TRUE,FALSE,7/20/2021
729,mcuredalek8@constantcontact.com,P@ssw0rd123,FALSE,4,708,936-629-1582,FALSE,TRUE,11-10-2021
730,cboscottk9@4shared.com,Temp@321,TRUE,2,316,367-654-1637,FALSE,TRUE,11-06-2021
731,msaffrinka@surveymonkey.com,Temp@321,TRUE,2,321,901-777-0201,TRUE,TRUE,10/22/2021
732,jdringkb@parallels.com,P@ssw0rd123,FALSE,0,122,584-422-7423,TRUE,TRUE,07-01-2021
733,rlecointekc@simplemachines.org,Temp@321,TRUE,3,483,210-350-9058,FALSE,FALSE,10-09-2021
734,rarnowiczkd@twitpic.com,Temp@321,TRUE,1,296,898-621-0711,TRUE,TRUE,09-08-2021
735,djellymanke@chron.com,Welcome123,TRUE,2,28,992-693-8365,TRUE,FALSE,11-01-2021
736,prizzikf@webmd.com,P@ssw0rd123,FALSE,3,389,993-862-4142,TRUE,TRUE,10/25/2021
737,lgregolottikg@cyberchimps.com,Welcome123,TRUE,4,609,516-355-4028,FALSE,FALSE,12/17/2021
738,beccersleykh@trellian.com,Welcome123,FALSE,4,503,425-856-8399,FALSE,FALSE,12/22/2021
739,kstorrahki@surveymonkey.com,Welcome123,TRUE,3,176,216-184-4005,TRUE,FALSE,12-08-2021
740,semmettkj@multiply.com,P@ssw0rd123,FALSE,2,783,195-529-1464,FALSE,TRUE,08-01-2021
741,dpynnerkk@imageshack.us,P@ssw0rd123,TRUE,5,326,708-287-3579,FALSE,FALSE,10/18/2021
742,mtraskekl@si.edu,Temp@321,TRUE,3,401,402-424-7706,FALSE,TRUE,11/30/2021
743,bnolletkm@gnu.org,P@ssw0rd123,TRUE,4,686,292-479-8585,TRUE,TRUE,08-10-2021
744,ldalrymplekn@drupal.org,Temp@321,TRUE,2,762,778-298-5275,FALSE,FALSE,09-05-2021
745,gsawyersko@themeforest.net,Welcome123,TRUE,4,670,927-406-2972,FALSE,FALSE,10-04-2021
746,baleskp@stanford.edu,Welcome123,TRUE,2,278,893-164-5424,TRUE,TRUE,8/20/2021
747,bfennellykq@tuttocitta.it,P@ssw0rd123,TRUE,4,77,591-930-0558,TRUE,FALSE,11/14/2021
748,gakamkr@prweb.com,P@ssw0rd123,FALSE,4,923,183-863-0743,TRUE,FALSE,10/25/2021
749,cfernks@tinypic.com,Welcome123,TRUE,1,400,727-827-6375,FALSE,TRUE,10-10-2021
750,jmarkelkt@hud.gov,Temp@321,FALSE,1,194,869-247-1580,TRUE,TRUE,8/20/2021
751,gkohringku@csmonitor.com,Welcome123,FALSE,4,518,730-179-8467,TRUE,TRUE,8/16/2021
752,mmaciaskv@twitter.com,Welcome123,TRUE,4,349,155-400-0245,FALSE,TRUE,8/24/2021
753,slarmankw@squarespace.com,P@ssw0rd123,FALSE,4,851,186-588-1989,TRUE,FALSE,7/27/2021
754,mtreekx@unblog.fr,Welcome123,FALSE,1,921,665-804-5840,FALSE,FALSE,07-09-2021
755,vbelchambersky@vinaora.com,P@ssw0rd123,FALSE,5,257,221-440-5024,TRUE,FALSE,09-08-2021
756,estaitekz@cargocollective.com,Temp@321,TRUE,2,287,935-217-3840,TRUE,FALSE,11/13/2021
757,rborzonel0@devhub.com,Welcome123,TRUE,3,628,166-887-6377,FALSE,TRUE,08-07-2021
758,kmoraisl1@zdnet.com,Temp@321,TRUE,1,838,249-681-8928,TRUE,FALSE,7/15/2021
759,earranl2@google.co.uk,Temp@321,FALSE,4,699,594-959-3250,TRUE,TRUE,10/27/2021
760,callonl3@noaa.gov,P@ssw0rd123,FALSE,1,868,762-801-1981,FALSE,FALSE,8/26/2021
761,gsibthorpel4@wunderground.com,Temp@321,FALSE,4,915,554-338-4168,FALSE,TRUE,10/14/2021
762,ckensholel5@cdbaby.com,P@ssw0rd123,FALSE,4,46,490-845-6123,FALSE,FALSE,07-02-2021
763,rbidmeadl6@yahoo.com,P@ssw0rd123,TRUE,3,33,567-472-4532,TRUE,TRUE,07-04-2021
764,dmerilll7@flickr.com,P@ssw0rd123,FALSE,1,437,703-639-9115,FALSE,TRUE,09-11-2021
765,fmorecombel8@alibaba.com,P@ssw0rd123,FALSE,2,969,595-523-4848,TRUE,FALSE,12-01-2021
766,frojell9@cnet.com,Welcome123,FALSE,5,564,929-377-5825,TRUE,TRUE,07-04-2021
767,ctandyla@flavors.me,Welcome123,FALSE,4,571,336-902-1235,FALSE,FALSE,7/24/2021
768,frenouflb@jalbum.net,P@ssw0rd123,FALSE,0,599,331-378-6075,FALSE,TRUE,10/16/2021
769,gspentonlc@networksolutions.com,Welcome123,FALSE,2,750,972-403-3284,TRUE,FALSE,11/20/2021
770,dconichield@de.vu,P@ssw0rd123,TRUE,3,349,502-362-0992,FALSE,TRUE,9/23/2021
771,sluppittle@admin.ch,Temp@321,TRUE,1,831,994-993-6973,FALSE,TRUE,09-11-2021
772,afellowlf@engadget.com,Temp@321,TRUE,5,232,464-492-8071,FALSE,TRUE,11-08-2021
773,cstranierolg@nhs.uk,Welcome123,TRUE,2,194,814-464-3069,TRUE,TRUE,11/30/2021
774,mdymicklh@japanpost.jp,P@ssw0rd123,TRUE,1,854,693-680-8368,FALSE,FALSE,7/14/2021
775,gstrathmanli@canalblog.com,P@ssw0rd123,FALSE,4,578,419-961-5743,TRUE,TRUE,9/23/2021
776,adalyelllj@e-recht24.de,Temp@321,TRUE,3,797,602-447-5623,FALSE,FALSE,11/30/2021
777,rdeenylk@kickstarter.com,P@ssw0rd123,FALSE,5,743,707-589-8136,TRUE,TRUE,11/27/2021
778,rutteridgell@is.gd,P@ssw0rd123,TRUE,2,645,134-463-9075,FALSE,TRUE,10/28/2021
779,mrankenlm@about.com,P@ssw0rd123,TRUE,2,470,550-790-2118,TRUE,TRUE,12-04-2021
780,ffranksln@marriott.com,Welcome123,TRUE,4,647,251-504-2472,FALSE,FALSE,7/23/2021
781,ngrouselo@pagesperso-orange.fr,Temp@321,TRUE,4,433,540-975-3369,FALSE,TRUE,07-04-2021
782,nnapthinelp@narod.ru,Welcome123,FALSE,2,15,969-636-5118,TRUE,FALSE,7/13/2021
783,pusherlq@marketwatch.com,Temp@321,TRUE,5,938,950-679-8747,FALSE,TRUE,08-01-2021
784,vflavertylr@businesswire.com,Temp@321,FALSE,0,277,456-193-1364,FALSE,TRUE,9/30/2021
785,gwernherls@dedecms.com,Temp@321,FALSE,2,599,513-802-0547,TRUE,FALSE,11-07-2021
786,hmenhcilt@phpbb.com,Temp@321,FALSE,5,194,136-526-5068,FALSE,FALSE,07-10-2021
787,ehawkeslu@mysql.com,Temp@321,TRUE,3,867,526-980-1112,FALSE,FALSE,11-02-2021
788,jharbertsonlv@reddit.com,Temp@321,FALSE,3,466,495-719-3759,FALSE,TRUE,08-07-2021
789,cgerishlw@tmall.com,P@ssw0rd123,FALSE,4,303,123-698-6542,TRUE,TRUE,10-06-2021
790,bdowrylx@1688.com,Welcome123,FALSE,2,353,619-474-4454,FALSE,FALSE,8/26/2021
791,jlodovichily@sun.com,Temp@321,TRUE,1,460,160-430-4996,TRUE,TRUE,10-06-2021
792,saikmanlz@virginia.edu,P@ssw0rd123,FALSE,4,801,485-283-7151,FALSE,FALSE,11/26/2021
793,bscutterm0@imgur.com,Welcome123,TRUE,2,340,754-957-3077,TRUE,FALSE,11-05-2021
794,tbaggarleym1@apple.com,Welcome123,TRUE,4,216,977-314-1279,FALSE,TRUE,10/23/2021
795,qcoventonm2@sbwire.com,Temp@321,FALSE,2,551,195-428-7179,FALSE,TRUE,07-12-2021
796,cgrewerm3@studiopress.com,Welcome123,TRUE,0,997,726-823-1581,TRUE,FALSE,11/13/2021
797,masquithm4@google.ru,Welcome123,TRUE,1,632,794-876-8109,FALSE,FALSE,12/28/2021
798,vlinnanem5@moonfruit.com,P@ssw0rd123,FALSE,4,781,541-272-0495,FALSE,FALSE,07-06-2021
799,ihaberjamm6@amazon.com,P@ssw0rd123,TRUE,4,49,479-629-6363,FALSE,FALSE,10-01-2021
800,ebarrettm7@rakuten.co.jp,P@ssw0rd123,TRUE,1,756,380-819-6196,TRUE,TRUE,08-08-2021
801,kproudlovem8@boston.com,Welcome123,FALSE,3,513,495-155-7124,TRUE,FALSE,8/24/2021
802,rartusm9@flavors.me,Temp@321,FALSE,1,837,572-683-6476,FALSE,TRUE,7/21/2021
803,mlabonma@networkadvertising.org,P@ssw0rd123,FALSE,3,187,370-225-6945,FALSE,TRUE,11/29/2021
804,jgraalmb@toplist.cz,Welcome123,TRUE,1,448,696-233-0281,FALSE,TRUE,11/29/2021
805,mmainstonemc@huffingtonpost.com,P@ssw0rd123,TRUE,1,268,360-464-6971,TRUE,FALSE,8/16/2021
806,nesbymd@geocities.com,P@ssw0rd123,TRUE,2,944,548-685-8562,FALSE,TRUE,11-11-2021
807,dhuegettme@narod.ru,Welcome123,TRUE,5,574,755-350-6156,TRUE,FALSE,11/21/2021
808,eshipperbottommf@squarespace.com,Temp@321,TRUE,2,774,311-190-0107,FALSE,TRUE,11/15/2021
809,salawaymg@newsvine.com,Welcome123,TRUE,1,510,201-626-3641,FALSE,TRUE,08-11-2021
810,pcraddockmh@angelfire.com,Temp@321,TRUE,5,194,354-357-0439,FALSE,FALSE,8/27/2021
811,speniellomi@feedburner.com,Temp@321,FALSE,4,726,270-419-6226,TRUE,TRUE,7/15/2021
812,ihinchcliffemj@comcast.net,Welcome123,TRUE,3,949,164-453-3680,TRUE,TRUE,12-11-2021
813,mmacfadzeanmk@google.fr,P@ssw0rd123,TRUE,1,466,440-459-2813,TRUE,TRUE,9/24/2021
814,rslaymakerml@gizmodo.com,Temp@321,FALSE,1,745,613-776-5716,FALSE,FALSE,9/14/2021
815,jlantuffemm@google.com.br,P@ssw0rd123,TRUE,2,484,152-355-0037,TRUE,TRUE,9/29/2021
816,tbarriemn@nifty.com,Temp@321,TRUE,4,244,150-227-4731,TRUE,TRUE,8/15/2021
817,bgilstonmo@telegraph.co.uk,Welcome123,FALSE,3,861,584-488-3105,TRUE,TRUE,7/31/2021
818,aromanskimp@dell.com,Temp@321,TRUE,3,328,402-825-2784,FALSE,TRUE,12/13/2021
819,bmckinnamq@sbwire.com,Temp@321,FALSE,3,540,210-932-9005,FALSE,FALSE,10/21/2021
820,aminoguemr@un.org,Welcome123,FALSE,2,806,687-895-6934,FALSE,TRUE,8/17/2021
821,mhatterms@tiny.cc,Temp@321,TRUE,5,12,665-134-5222,FALSE,FALSE,11-06-2021
822,dpoundfordmt@foxnews.com,Temp@321,FALSE,1,378,409-977-6925,FALSE,FALSE,12/15/2021
823,mmckendrymu@furl.net,P@ssw0rd123,TRUE,4,979,181-121-9558,TRUE,FALSE,07-08-2021
824,nblackiemv@tmall.com,Temp@321,TRUE,3,489,591-176-2998,TRUE,TRUE,11/30/2021
825,mgebhardmw@digg.com,Welcome123,TRUE,0,387,100-551-2069,FALSE,TRUE,09-10-2021
826,pbrennonmx@irs.gov,Welcome123,TRUE,3,396,650-760-8990,FALSE,TRUE,09-01-2021
827,lbarefordmy@fotki.com,Temp@321,FALSE,3,946,149-793-7967,FALSE,FALSE,10/19/2021
828,bgynnemz@cornell.edu,Welcome123,FALSE,4,912,557-759-2245,TRUE,TRUE,10-11-2021
829,jbeavingtonn0@friendfeed.com,Temp@321,TRUE,2,118,798-912-8448,FALSE,TRUE,12/17/2021
830,hgoselingn1@craigslist.org,Welcome123,FALSE,4,975,909-296-4767,TRUE,TRUE,8/23/2021
831,jrozn2@nydailynews.com,P@ssw0rd123,FALSE,4,885,135-206-7488,TRUE,TRUE,10/29/2021
832,bfairbracen3@nytimes.com,P@ssw0rd123,FALSE,3,635,377-160-1226,FALSE,TRUE,12/16/2021
833,jtuohyn4@umn.edu,Welcome123,TRUE,4,320,210-160-8779,TRUE,FALSE,10-06-2021
834,hmcalistern5@naver.com,Welcome123,FALSE,4,618,790-540-3657,FALSE,FALSE,9/18/2021
835,pbowldn6@devhub.com,P@ssw0rd123,TRUE,1,39,557-398-0962,TRUE,FALSE,9/15/2021
836,kdumphryn7@ovh.net,P@ssw0rd123,TRUE,4,518,338-693-9638,FALSE,FALSE,9/16/2021
837,sbilhamn8@studiopress.com,Welcome123,TRUE,5,28,574-938-3096,TRUE,FALSE,10-10-2021
838,lschurign9@zimbio.com,Welcome123,FALSE,0,789,690-747-8952,TRUE,TRUE,12/28/2021
839,dsooperna@ifeng.com,Temp@321,FALSE,1,904,356-289-9640,TRUE,FALSE,7/25/2021
840,rdanieliannb@issuu.com,P@ssw0rd123,TRUE,5,266,278-123-7649,TRUE,FALSE,11/30/2021
841,kcholtonnc@lulu.com,Welcome123,TRUE,2,569,184-606-7880,TRUE,TRUE,12-10-2021
842,gmeadusnd@addthis.com,P@ssw0rd123,FALSE,2,489,986-645-8939,TRUE,FALSE,8/17/2021
843,tpinnockne@ted.com,Temp@321,FALSE,3,266,791-190-7027,TRUE,TRUE,8/23/2021
844,rspatoninf@twitpic.com,Welcome123,TRUE,3,446,899-628-7680,TRUE,TRUE,11/18/2021
845,dsymersng@springer.com,Welcome123,FALSE,4,82,890-567-3169,FALSE,TRUE,8/23/2021
846,lierlandnh@jalbum.net,P@ssw0rd123,TRUE,0,967,114-975-6040,FALSE,TRUE,8/30/2021
847,mdarridonni@studiopress.com,Temp@321,TRUE,3,77,581-973-2793,TRUE,TRUE,9/21/2021
848,geisenbergnj@deviantart.com,P@ssw0rd123,TRUE,2,649,405-780-4534,FALSE,FALSE,11-02-2021
849,tdunlapnk@virginia.edu,Welcome123,TRUE,5,923,725-334-1827,FALSE,TRUE,07-11-2021
850,bvearenl@ed.gov,P@ssw0rd123,TRUE,3,86,893-770-2051,FALSE,TRUE,10-11-2021
851,bcoulthurstnm@chicagotribune.com,P@ssw0rd123,TRUE,3,747,476-610-2555,TRUE,FALSE,9/18/2021
852,ehuebnernn@wikia.com,P@ssw0rd123,TRUE,2,467,397-816-7625,TRUE,TRUE,7/15/2021
853,slesmondeno@tuttocitta.it,Temp@321,FALSE,0,190,214-253-8102,TRUE,TRUE,10-05-2021
854,jabrahamovitznp@wikia.com,Temp@321,FALSE,0,464,405-985-6408,TRUE,TRUE,07-01-2021
855,btealnq@123-reg.co.uk,P@ssw0rd123,FALSE,2,510,973-633-0572,TRUE,TRUE,9/18/2021
856,sbrogiottinr@istockphoto.com,Temp@321,FALSE,3,769,765-812-0020,FALSE,TRUE,11/29/2021
857,mladens@sun.com,Welcome123,TRUE,4,350,433-683-5429,TRUE,FALSE,9/30/2021
858,dcushent@economist.com,Temp@321,TRUE,1,814,885-457-3590,TRUE,FALSE,10/24/2021
859,lgassonnu@reddit.com,Welcome123,FALSE,3,910,252-660-4696,TRUE,TRUE,12-05-2021
860,fvandalennv@oracle.com,Temp@321,TRUE,1,615,118-188-8714,FALSE,TRUE,10/16/2021
861,nwadforthnw@comsenz.com,Temp@321,TRUE,4,285,114-992-9008,FALSE,FALSE,9/23/2021
862,slefebrenx@netvibes.com,P@ssw0rd123,TRUE,4,788,115-683-3113,TRUE,FALSE,07-07-2021
863,rchifneyny@nba.com,P@ssw0rd123,FALSE,5,585,840-780-0469,FALSE,FALSE,8/16/2021
864,kedmednz@salon.com,Welcome123,FALSE,4,904,458-377-7598,FALSE,TRUE,11-06-2021
865,mcampanellio0@twitter.com,Welcome123,TRUE,5,638,575-733-4377,TRUE,FALSE,11/18/2021
866,etrehero1@123-reg.co.uk,Welcome123,TRUE,0,131,681-277-0157,FALSE,TRUE,8/31/2021
867,eedinboroo2@google.nl,Temp@321,TRUE,2,265,490-567-7837,TRUE,FALSE,11/14/2021
868,bmagennyo3@gov.uk,P@ssw0rd123,FALSE,3,791,838-789-1811,TRUE,TRUE,7/14/2021
869,rstophero4@wsj.com,P@ssw0rd123,TRUE,4,325,756-951-3792,TRUE,FALSE,09-09-2021
870,mcofaxo5@walmart.com,Welcome123,TRUE,1,877,671-326-1129,FALSE,FALSE,10/18/2021
871,psutterfieldo6@ebay.com,Welcome123,FALSE,2,461,244-456-9524,TRUE,TRUE,09-10-2021
872,ndoldono7@hexun.com,P@ssw0rd123,FALSE,2,601,748-871-8191,FALSE,FALSE,07-11-2021
873,kmcgawo8@sogou.com,Welcome123,FALSE,1,706,934-990-6267,TRUE,TRUE,11/20/2021
874,abienvenuo9@disqus.com,P@ssw0rd123,TRUE,3,429,914-786-1392,TRUE,FALSE,7/21/2021
875,jbecceraoa@linkedin.com,Welcome123,FALSE,1,648,611-783-3921,TRUE,FALSE,9/15/2021
876,aduffettob@wordpress.org,P@ssw0rd123,TRUE,4,229,779-433-5072,FALSE,FALSE,12/18/2021
877,lstoutheroc@forbes.com,Temp@321,TRUE,5,472,206-816-4278,TRUE,TRUE,10/23/2021
878,lmumod@twitpic.com,P@ssw0rd123,FALSE,0,567,646-440-2702,TRUE,TRUE,10/14/2021
879,jburchnalloe@guardian.co.uk,Welcome123,FALSE,4,307,912-212-0540,TRUE,FALSE,10/16/2021
880,jcribbottof@hibu.com,P@ssw0rd123,FALSE,2,183,240-897-0621,FALSE,FALSE,10/31/2021
881,amooreog@vkontakte.ru,Welcome123,FALSE,4,966,485-428-3550,TRUE,TRUE,7/22/2021
882,agrettonoh@psu.edu,Welcome123,FALSE,2,299,408-836-8132,FALSE,FALSE,9/18/2021
883,hwilberoi@telegraph.co.uk,P@ssw0rd123,TRUE,0,365,712-526-6355,TRUE,FALSE,11-04-2021
884,fkitmanoj@yahoo.co.jp,Temp@321,FALSE,2,477,111-409-8873,TRUE,TRUE,11/24/2021
885,smanochok@booking.com,P@ssw0rd123,TRUE,3,160,271-931-4226,TRUE,TRUE,11-03-2021
886,rwenmanol@umn.edu,Temp@321,TRUE,2,420,878-919-8213,TRUE,TRUE,10-08-2021
887,cgrisleyom@amazon.com,Welcome123,FALSE,0,111,537-555-4253,FALSE,FALSE,12/26/2021
888,merdeson@wired.com,P@ssw0rd123,FALSE,1,450,966-762-6239,FALSE,TRUE,08-02-2021
889,alandsboroughoo@dot.gov,Temp@321,FALSE,5,246,173-112-1723,TRUE,TRUE,12/28/2021
890,jduffitop@washington.edu,Temp@321,TRUE,2,522,813-156-0315,TRUE,TRUE,09-08-2021
891,yaudissoq@nps.gov,Temp@321,TRUE,3,94,428-968-5162,FALSE,FALSE,09-10-2021
892,ncaddellor@apache.org,Temp@321,TRUE,2,772,656-526-6054,FALSE,TRUE,7/20/2021
893,cglanderos@ovh.net,Welcome123,TRUE,2,803,123-880-5083,FALSE,TRUE,11-01-2021
894,cbienvenuot@hubpages.com,Temp@321,TRUE,3,926,999-570-6180,TRUE,FALSE,10/30/2021
895,chardageou@usa.gov,P@ssw0rd123,FALSE,4,634,981-619-1120,FALSE,FALSE,9/13/2021
896,jbattershallov@bbb.org,Welcome123,FALSE,1,172,551-370-8561,FALSE,FALSE,09-11-2021
897,nlinfieldow@de.vu,Temp@321,TRUE,5,114,256-891-1243,FALSE,TRUE,8/29/2021
898,swanneox@si.edu,Temp@321,FALSE,4,641,587-313-2483,FALSE,FALSE,11-07-2021
899,sferronoy@tumblr.com,P@ssw0rd123,FALSE,2,165,377-495-1521,TRUE,TRUE,8/31/2021
900,mwandoz@surveymonkey.com,Welcome123,FALSE,1,568,149-327-7716,TRUE,FALSE,10/24/2021
901,fslessarp0@ucoz.com,Welcome123,FALSE,3,68,222-776-3770,TRUE,FALSE,12/16/2021
902,jcoushep1@illinois.edu,Temp@321,FALSE,5,47,723-306-5078,TRUE,FALSE,07-03-2021
903,jmiddleweekp2@i2i.jp,Welcome123,TRUE,4,630,747-271-6213,TRUE,FALSE,12-07-2021
904,vwohlersp3@google.com,Temp@321,TRUE,0,210,829-491-6840,FALSE,TRUE,07-07-2021
905,rlashleyp4@businessinsider.com,Welcome123,TRUE,2,453,449-156-3109,FALSE,FALSE,7/29/2021
906,dburgoinep5@cornell.edu,Temp@321,FALSE,3,116,911-716-4518,FALSE,FALSE,10-11-2021
907,ksommerscalesp6@tmall.com,Temp@321,TRUE,1,542,144-271-2376,FALSE,FALSE,11/27/2021
908,dstockportp7@buzzfeed.com,P@ssw0rd123,FALSE,3,452,685-136-3072,TRUE,TRUE,07-08-2021
909,mscardp8@marriott.com,P@ssw0rd123,TRUE,3,339,560-537-5329,TRUE,TRUE,12-04-2021
910,ssyddallp9@w3.org,Temp@321,FALSE,5,502,412-153-5139,FALSE,TRUE,10/26/2021
911,jdawburypa@booking.com,Welcome123,FALSE,2,272,247-403-4406,TRUE,FALSE,10/20/2021
912,snewvillpb@webs.com,Temp@321,FALSE,2,693,586-274-8190,TRUE,TRUE,7/22/2021
913,odaynepc@latimes.com,Welcome123,TRUE,2,290,539-350-2919,FALSE,TRUE,11/29/2021
914,psiwardpd@hubpages.com,Welcome123,FALSE,3,464,465-417-0498,TRUE,TRUE,7/21/2021
915,kgambellpe@prnewswire.com,Welcome123,TRUE,4,766,919-723-0440,FALSE,FALSE,07-10-2021
916,ajobespf@cam.ac.uk,Temp@321,TRUE,1,623,671-127-6266,FALSE,FALSE,11/21/2021
917,rmaudlenpg@marriott.com,Temp@321,TRUE,1,690,367-714-3131,TRUE,FALSE,8/19/2021
918,amasurelph@macromedia.com,P@ssw0rd123,TRUE,4,419,192-632-7360,FALSE,FALSE,07-02-2021
919,sdeguepi@mozilla.org,Temp@321,FALSE,2,26,312-160-6992,FALSE,FALSE,10/24/2021
920,mhelversenpj@studiopress.com,Welcome123,FALSE,5,657,684-859-5157,TRUE,TRUE,08-04-2021
921,ehawickpk@woothemes.com,P@ssw0rd123,FALSE,4,335,846-198-7230,TRUE,TRUE,12-03-2021
922,jdefilippispl@zimbio.com,Temp@321,TRUE,5,443,377-474-2651,FALSE,TRUE,8/29/2021
923,acaseleypm@list-manage.com,Welcome123,FALSE,4,834,652-112-9288,TRUE,TRUE,11-05-2021
924,aweatherhoggpn@dedecms.com,Welcome123,TRUE,2,809,313-887-0769,FALSE,FALSE,07-06-2021
925,ghaglandpo@omniture.com,P@ssw0rd123,FALSE,2,228,560-273-3773,TRUE,FALSE,11-02-2021
926,pkingscottpp@wired.com,Welcome123,TRUE,4,416,448-623-8705,TRUE,TRUE,08-02-2021
927,dmerdewpq@youtu.be,Welcome123,TRUE,2,347,966-104-2491,FALSE,TRUE,10/19/2021
928,clandrethpr@macromedia.com,P@ssw0rd123,TRUE,1,7,700-254-9551,TRUE,FALSE,9/13/2021
929,dsalterneps@yahoo.co.jp,P@ssw0rd123,FALSE,4,332,892-324-2425,TRUE,FALSE,8/25/2021
930,krourkept@unc.edu,Temp@321,FALSE,3,685,472-770-1053,TRUE,FALSE,12/19/2021
931,caffleckpu@cocolog-nifty.com,Temp@321,TRUE,2,754,665-252-2318,TRUE,TRUE,08-11-2021
932,dbockmanpv@ning.com,P@ssw0rd123,FALSE,0,130,895-394-7394,FALSE,FALSE,7/20/2021
933,mdenmeadpw@yelp.com,Welcome123,FALSE,4,321,179-515-1384,TRUE,FALSE,11-05-2021
934,msnowballpx@irs.gov,P@ssw0rd123,TRUE,1,643,942-456-5297,FALSE,FALSE,9/28/2021
935,vdannpy@adobe.com,Welcome123,TRUE,3,250,669-839-4294,TRUE,FALSE,11-02-2021
936,tretterpz@businessinsider.com,Temp@321,TRUE,2,38,270-540-2828,FALSE,TRUE,08-03-2021
937,smackellarq0@de.vu,Welcome123,TRUE,1,272,193-709-8702,TRUE,FALSE,11/30/2021
938,jcaytonq1@unc.edu,Temp@321,TRUE,0,732,963-151-2370,TRUE,FALSE,9/28/2021
939,breedeq2@cbslocal.com,P@ssw0rd123,FALSE,2,52,569-723-6464,TRUE,FALSE,10-03-2021
940,mbiddyq3@ihg.com,Welcome123,FALSE,2,180,567-175-7273,FALSE,FALSE,12-03-2021
941,dkornousekq4@wisc.edu,Temp@321,FALSE,1,550,439-848-3268,TRUE,FALSE,07-01-2021
942,dstathorq5@bigcartel.com,Temp@321,FALSE,3,703,344-429-2478,TRUE,FALSE,07-07-2021
943,ryatemanq6@uiuc.edu,Temp@321,TRUE,2,650,820-311-3272,FALSE,TRUE,08-03-2021
944,rbedenq7@instagram.com,Temp@321,TRUE,1,497,188-657-4010,FALSE,FALSE,10/29/2021
945,cdegregorioq8@bbb.org,Welcome123,TRUE,2,429,622-177-7797,FALSE,FALSE,12/21/2021
946,vsleightholmq9@google.com.au,Welcome123,TRUE,1,806,141-326-7095,TRUE,TRUE,9/21/2021
947,lstockyqa@unicef.org,Welcome123,TRUE,0,906,882-999-3132,TRUE,FALSE,7/20/2021
948,nbrandrickqb@dmoz.org,P@ssw0rd123,FALSE,2,565,256-788-9773,FALSE,TRUE,09-04-2021
949,gdivellqc@fastcompany.com,Welcome123,FALSE,3,592,717-960-6254,TRUE,FALSE,8/18/2021
950,bjantzenqd@imageshack.us,Temp@321,FALSE,4,698,837-990-2829,FALSE,FALSE,7/26/2021
951,jbougenqe@engadget.com,Temp@321,FALSE,3,227,231-598-0622,TRUE,FALSE,11/14/2021
952,gpostenqf@so-net.ne.jp,P@ssw0rd123,TRUE,3,729,187-353-8706,TRUE,FALSE,7/24/2021
953,ohaigqg@ehow.com,P@ssw0rd123,TRUE,4,122,414-801-2937,FALSE,FALSE,11/30/2021
954,acastelinqh@typepad.com,P@ssw0rd123,FALSE,5,221,994-664-7850,TRUE,TRUE,10-02-2021
955,afawdrieqi@mapy.cz,P@ssw0rd123,FALSE,1,898,804-956-2160,FALSE,TRUE,7/30/2021
956,bferrariqj@ovh.net,Welcome123,TRUE,4,862,734-685-2912,TRUE,FALSE,12/14/2021
957,dandryushinqk@intel.com,Temp@321,FALSE,5,142,573-111-0562,TRUE,FALSE,7/29/2021
958,cbeldanql@ezinearticles.com,Welcome123,FALSE,4,402,108-335-8999,FALSE,FALSE,12-09-2021
959,lleavesleyqm@patch.com,Welcome123,FALSE,4,243,121-988-4661,FALSE,FALSE,7/15/2021
960,dbalconqn@ebay.co.uk,Temp@321,FALSE,4,226,682-814-7575,FALSE,FALSE,12/20/2021
961,tsackettqo@sfgate.com,Welcome123,FALSE,3,334,551-876-2759,FALSE,TRUE,09-03-2021
962,jkeyteqp@clickbank.net,Temp@321,FALSE,2,130,921-159-3441,FALSE,TRUE,10/28/2021
963,fflattqq@infoseek.co.jp,P@ssw0rd123,TRUE,5,12,994-571-0310,TRUE,TRUE,08-12-2021
964,lpennamanqr@abc.net.au,Welcome123,FALSE,0,965,128-350-1919,TRUE,FALSE,12-10-2021
965,dcoulmanqs@bloglovin.com,Welcome123,FALSE,4,182,801-864-4530,FALSE,TRUE,12/15/2021
966,kpyleqt@reuters.com,P@ssw0rd123,TRUE,3,70,185-495-6424,TRUE,FALSE,10/26/2021
967,jranyqu@boston.com,Welcome123,TRUE,3,706,290-350-2165,TRUE,FALSE,9/14/2021
968,ckopacekqv@wisc.edu,Temp@321,FALSE,0,723,965-346-1606,TRUE,FALSE,12/28/2021
969,psatcherqw@umn.edu,Temp@321,TRUE,1,21,572-356-2301,TRUE,FALSE,07-02-2021
970,egergelyqx@china.com.cn,Temp@321,TRUE,3,610,767-870-5466,TRUE,FALSE,09-11-2021
971,mhelsdonqy@pen.io,Welcome123,FALSE,4,100,317-801-9634,TRUE,FALSE,12/30/2021
972,ebrandhamqz@joomla.org,Welcome123,TRUE,1,162,348-567-4079,TRUE,FALSE,9/21/2021
973,fboleynr0@mashable.com,P@ssw0rd123,FALSE,5,154,201-107-4612,FALSE,TRUE,7/20/2021
974,klawrenzr1@sun.com,P@ssw0rd123,TRUE,4,720,856-743-3636,FALSE,TRUE,10-12-2021
975,pburnyeatr2@skyrock.com,P@ssw0rd123,TRUE,3,842,980-548-1377,FALSE,TRUE,11/24/2021
976,ppeetermannr3@eventbrite.com,P@ssw0rd123,FALSE,2,173,522-509-1538,FALSE,FALSE,11/30/2021
977,tkurtonr4@cbc.ca,Welcome123,FALSE,3,852,808-668-8556,TRUE,FALSE,7/29/2021
978,abissettr5@macromedia.com,Welcome123,TRUE,0,56,585-306-2899,TRUE,FALSE,10-06-2021
979,lburkettr6@webs.com,Welcome123,FALSE,4,131,433-620-8782,FALSE,FALSE,10/28/2021
980,ahambyr7@mashable.com,Welcome123,TRUE,4,523,876-984-9751,FALSE,FALSE,07-01-2021
981,estickfordr8@geocities.jp,Welcome123,FALSE,2,955,865-246-1454,TRUE,FALSE,7/13/2021
982,hbruntonr9@irs.gov,Temp@321,FALSE,1,488,317-368-3524,TRUE,FALSE,8/28/2021
983,jfishburnra@europa.eu,Welcome123,TRUE,3,112,242-435-3382,TRUE,TRUE,09-06-2021
984,jkellenrb@wikimedia.org,P@ssw0rd123,TRUE,1,311,135-986-2840,TRUE,TRUE,10-10-2021
985,mcolwellrc@slate.com,P@ssw0rd123,TRUE,3,129,383-742-5613,TRUE,TRUE,10-08-2021
986,rtesyrord@geocities.jp,Temp@321,TRUE,0,496,548-299-4104,TRUE,FALSE,7/31/2021
987,rjayumere@alexa.com,Welcome123,TRUE,0,1,964-535-5427,TRUE,FALSE,08-05-2021
988,kbulmerrf@mozilla.com,P@ssw0rd123,TRUE,3,326,658-265-7519,FALSE,FALSE,8/13/2021
989,yshinfieldrg@walmart.com,Temp@321,TRUE,5,406,604-780-4866,TRUE,TRUE,09-02-2021
990,aradclifferh@webeden.co.uk,Welcome123,TRUE,4,863,554-369-6062,FALSE,FALSE,10/31/2021
991,kprangerri@squarespace.com,Welcome123,FALSE,0,901,974-763-6437,FALSE,FALSE,8/25/2021
992,schaudhryrj@boston.com,Temp@321,TRUE,2,749,888-590-3710,TRUE,FALSE,10-01-2021
993,dvollerrk@blog.com,Welcome123,TRUE,3,82,467-439-9402,FALSE,TRUE,10/23/2021
994,elarmanrl@cbslocal.com,Temp@321,FALSE,4,848,255-528-0479,TRUE,FALSE,8/20/2021
995,pmcgillivrierm@comsenz.com,Temp@321,FALSE,4,979,137-941-1547,TRUE,FALSE,09-12-2021
996,rargylern@epa.gov,P@ssw0rd123,FALSE,3,304,245-689-4784,FALSE,TRUE,07-07-2021
997,ncostonro@google.it,Welcome123,FALSE,4,374,524-497-6429,FALSE,TRUE,8/24/2021
998,dfishbyrp@wp.com,Temp@321,FALSE,2,75,458-112-7294,TRUE,FALSE,12-02-2021
999,elamberteschirq@theatlantic.com,Temp@321,TRUE,3,924,992-118-3631,TRUE,FALSE,12/23/2021
1000,jdonawayrr@mlb.com,Temp@321,FALSE,0,619,530-616-5357,TRUE,FALSE,11-03-2021
