GTS_ROLE_ID,GTS_ROLE_NAME,GTS_ROLE_DESCRIPTION,GTS_ROLE_STATUS
1,SERVICE_PROVIDER,THESE PEOPLE PROVIDE SERVICES TO SERVICE CONSUMERS,TRUE
2,EMPLOYEE,THESE ARE PEOPLE WHO ARE WORKING UNDER SOME OR OTHER COMPANIES,TRUE
3,ADMIN,ADMINS ARE GTS EMPLOYEES. THEY HAVE CONTROL OVER OTHER USERS,TRUE
4,TRAINEE,PEOPLE WHO GOES FOR TRAINING ONLY,TRUE
5,RECRUITER,THEY ARE EMPLOYEES OF GTS OR CONTRATORS WORKING FOR GTS,TRUE
6,EMPLOYEE,THESE ARE PEOPLE WHO ARE WORKING UNDER SOME OR OTHER COMPANIES,TRUE
7,TRAINEE,PEOPLE WHO GOES FOR TRAINING ONLY,TRUE
8,SERVICE_PROVIDER,THESE PEOPLE PROVIDE SERVICES TO SERVICE CONSUMERS,TRUE
9,TRAINER,THESE PEOPLE PROVIDE TRAINING TO OTHERS,TRUE
10,RECRUITER,THEY ARE EMPLOYEES OF GTS OR CONTRATORS WORKING FOR GTS,TRUE
11,TRAINEE,PEOPLE WHO GOES FOR TRAINING ONLY,TRUE
12,EMPLOYEE,THESE ARE PEOPLE WHO ARE WORKING UNDER SOME OR OTHER COMPANIES,TRUE
13,TRAINER,THESE PEOPLE PROVIDE TRAINING TO OTHERS,TRUE
14,SERVICE_CONSUMER,THESE PEOPLE SEEK FOR SERVICES FROM SERVICE PROVIDERS,TRUE
15,SERVICE_PROVIDER,THESE PEOPLE PROVIDE SERVICES TO SERVICE CONSUMERS,TRUE
16,TRAINER,THESE PEOPLE PROVIDE TRAINING TO OTHERS,TRUE
17,SERVICE_PROVIDER,THESE PEOPLE PROVIDE SERVICES TO SERVICE CONSUMERS,TRUE
18,TRAINEE,PEOPLE WHO GOES FOR TRAINING ONLY,TRUE
19,TRAINEE,PEOPLE WHO GOES FOR TRAINING ONLY,TRUE
20,RECRUITER,THEY ARE EMPLOYEES OF GTS OR CONTRATORS WORKING FOR GTS,TRUE
21,ADMIN,ADMINS ARE GTS EMPLOYEES. THEY HAVE CONTROL OVER OTHER USERS,TRUE
22,SERVICE_CONSUMER,THESE PEOPLE SEEK FOR SERVICES FROM SERVICE PROVIDERS,TRUE
23,RECRUITER,THEY ARE EMPLOYEES OF GTS OR CONTRATORS WORKING FOR GTS,TRUE
24,SERVICE_PROVIDER,THESE PEOPLE PROVIDE SERVICES TO SERVICE CONSUMERS,TRUE
25,SERVICE_CONSUMER,THESE PEOPLE SEEK FOR SERVICES FROM SERVICE PROVIDERS,TRUE
26,TRAINEE,PEOPLE WHO GOES FOR TRAINING ONLY,TRUE
27,EMPLOYEE,THESE ARE PEOPLE WHO ARE WORKING UNDER SOME OR OTHER COMPANIES,TRUE
28,SERVICE_PROVIDER,THESE PEOPLE PROVIDE SERVICES TO SERVICE CONSUMERS,TRUE
29,SERVICE_PROVIDER,THESE PEOPLE PROVIDE SERVICES TO SERVICE CONSUMERS,TRUE
30,ADMIN,ADMINS ARE GTS EMPLOYEES. THEY HAVE CONTROL OVER OTHER USERS,TRUE
31,EMPLOYEE,THESE ARE PEOPLE WHO ARE WORKING UNDER SOME OR OTHER COMPANIES,TRUE
32,SERVICE_PROVIDER,THESE PEOPLE PROVIDE SERVICES TO SERVICE CONSUMERS,TRUE
33,SERVICE_PROVIDER,THESE PEOPLE PROVIDE SERVICES TO SERVICE CONSUMERS,TRUE
34,SERVICE_PROVIDER,THESE PEOPLE PROVIDE SERVICES TO SERVICE CONSUMERS,TRUE
35,TRAINER,THESE PEOPLE PROVIDE TRAINING TO OTHERS,TRUE
36,SERVICE_PROVIDER,THESE PEOPLE PROVIDE SERVICES TO SERVICE CONSUMERS,TRUE
37,TRAINER,THESE PEOPLE PROVIDE TRAINING TO OTHERS,TRUE
38,ADMIN,ADMINS ARE GTS EMPLOYEES. THEY HAVE CONTROL OVER OTHER USERS,TRUE
39,TRAINEE,PEOPLE WHO GOES FOR TRAINING ONLY,TRUE
40,TRAINEE,PEOPLE WHO GOES FOR TRAINING ONLY,TRUE
41,SERVICE_PROVIDER,THESE PEOPLE PROVIDE SERVICES TO SERVICE CONSUMERS,TRUE
42,EMPLOYEE,THESE ARE PEOPLE WHO ARE WORKING UNDER SOME OR OTHER COMPANIES,TRUE
43,ADMIN,ADMINS ARE GTS EMPLOYEES. THEY HAVE CONTROL OVER OTHER USERS,TRUE
44,TRAINEE,PEOPLE WHO GOES FOR TRAINING ONLY,TRUE
45,SERVICE_PROVIDER,THESE PEOPLE PROVIDE SERVICES TO SERVICE CONSUMERS,TRUE
46,RECRUITER,THEY ARE EMPLOYEES OF GTS OR CONTRATORS WORKING FOR GTS,TRUE
47,TRAINER,THESE PEOPLE PROVIDE TRAINING TO OTHERS,TRUE
48,ADMIN,ADMINS ARE GTS EMPLOYEES. THEY HAVE CONTROL OVER OTHER USERS,TRUE
49,SERVICE_CONSUMER,THESE PEOPLE SEEK FOR SERVICES FROM SERVICE PROVIDERS,TRUE
50,RECRUITER,THEY ARE EMPLOYEES OF GTS OR CONTRATORS WORKING FOR GTS,TRUE
51,TRAINER,THESE PEOPLE PROVIDE TRAINING TO OTHERS,TRUE
52,TRAINER,THESE PEOPLE PROVIDE TRAINING TO OTHERS,TRUE
53,RECRUITER,THEY ARE EMPLOYEES OF GTS OR CONTRATORS WORKING FOR GTS,TRUE
54,SERVICE_PROVIDER,THESE PEOPLE PROVIDE SERVICES TO SERVICE CONSUMERS,TRUE
55,SERVICE_CONSUMER,THESE PEOPLE SEEK FOR SERVICES FROM SERVICE PROVIDERS,TRUE
56,TRAINEE,PEOPLE WHO GOES FOR TRAINING ONLY,TRUE
57,EMPLOYEE,THESE ARE PEOPLE WHO ARE WORKING UNDER SOME OR OTHER COMPANIES,TRUE
58,SERVICE_CONSUMER,THESE PEOPLE SEEK FOR SERVICES FROM SERVICE PROVIDERS,TRUE
59,TRAINEE,PEOPLE WHO GOES FOR TRAINING ONLY,TRUE
60,ADMIN,ADMINS ARE GTS EMPLOYEES. THEY HAVE CONTROL OVER OTHER USERS,TRUE
61,RECRUITER,THEY ARE EMPLOYEES OF GTS OR CONTRATORS WORKING FOR GTS,TRUE
62,SERVICE_CONSUMER,THESE PEOPLE SEEK FOR SERVICES FROM SERVICE PROVIDERS,TRUE
63,ADMIN,ADMINS ARE GTS EMPLOYEES. THEY HAVE CONTROL OVER OTHER USERS,TRUE
64,ADMIN,ADMINS ARE GTS EMPLOYEES. THEY HAVE CONTROL OVER OTHER USERS,TRUE
65,RECRUITER,THEY ARE EMPLOYEES OF GTS OR CONTRATORS WORKING FOR GTS,TRUE
66,EMPLOYEE,THESE ARE PEOPLE WHO ARE WORKING UNDER SOME OR OTHER COMPANIES,TRUE
67,SERVICE_PROVIDER,THESE PEOPLE PROVIDE SERVICES TO SERVICE CONSUMERS,TRUE
68,SERVICE_PROVIDER,THESE PEOPLE PROVIDE SERVICES TO SERVICE CONSUMERS,TRUE
69,TRAINEE,PEOPLE WHO GOES FOR TRAINING ONLY,TRUE
70,ADMIN,ADMINS ARE GTS EMPLOYEES. THEY HAVE CONTROL OVER OTHER USERS,TRUE
71,SERVICE_PROVIDER,THESE PEOPLE PROVIDE SERVICES TO SERVICE CONSUMERS,TRUE
72,SERVICE_CONSUMER,THESE PEOPLE SEEK FOR SERVICES FROM SERVICE PROVIDERS,TRUE
73,RECRUITER,THEY ARE EMPLOYEES OF GTS OR CONTRATORS WORKING FOR GTS,TRUE
74,SERVICE_CONSUMER,THESE PEOPLE SEEK FOR SERVICES FROM SERVICE PROVIDERS,TRUE
75,EMPLOYEE,THESE ARE PEOPLE WHO ARE WORKING UNDER SOME OR OTHER COMPANIES,TRUE
76,RECRUITER,THEY ARE EMPLOYEES OF GTS OR CONTRATORS WORKING FOR GTS,TRUE
77,SERVICE_CONSUMER,THESE PEOPLE SEEK FOR SERVICES FROM SERVICE PROVIDERS,TRUE
78,TRAINER,THESE PEOPLE PROVIDE TRAINING TO OTHERS,TRUE
79,SERVICE_CONSUMER,THESE PEOPLE SEEK FOR SERVICES FROM SERVICE PROVIDERS,TRUE
80,TRAINEE,PEOPLE WHO GOES FOR TRAINING ONLY,TRUE
81,SERVICE_CONSUMER,THESE PEOPLE SEEK FOR SERVICES FROM SERVICE PROVIDERS,TRUE
82,RECRUITER,THEY ARE EMPLOYEES OF GTS OR CONTRATORS WORKING FOR GTS,TRUE
83,ADMIN,ADMINS ARE GTS EMPLOYEES. THEY HAVE CONTROL OVER OTHER USERS,TRUE
84,TRAINEE,PEOPLE WHO GOES FOR TRAINING ONLY,TRUE
85,TRAINEE,PEOPLE WHO GOES FOR TRAINING ONLY,TRUE
86,TRAINEE,PEOPLE WHO GOES FOR TRAINING ONLY,TRUE
87,SERVICE_CONSUMER,THESE PEOPLE SEEK FOR SERVICES FROM SERVICE PROVIDERS,TRUE
88,EMPLOYEE,THESE ARE PEOPLE WHO ARE WORKING UNDER SOME OR OTHER COMPANIES,TRUE
89,ADMIN,ADMINS ARE GTS EMPLOYEES. THEY HAVE CONTROL OVER OTHER USERS,TRUE
90,RECRUITER,THEY ARE EMPLOYEES OF GTS OR CONTRATORS WORKING FOR GTS,TRUE
91,SERVICE_CONSUMER,THESE PEOPLE SEEK FOR SERVICES FROM SERVICE PROVIDERS,TRUE
92,SERVICE_PROVIDER,THESE PEOPLE PROVIDE SERVICES TO SERVICE CONSUMERS,TRUE
93,RECRUITER,THEY ARE EMPLOYEES OF GTS OR CONTRATORS WORKING FOR GTS,TRUE
94,EMPLOYEE,THESE ARE PEOPLE WHO ARE WORKING UNDER SOME OR OTHER COMPANIES,TRUE
95,RECRUITER,THEY ARE EMPLOYEES OF GTS OR CONTRATORS WORKING FOR GTS,TRUE
96,EMPLOYEE,THESE ARE PEOPLE WHO ARE WORKING UNDER SOME OR OTHER COMPANIES,TRUE
97,SERVICE_PROVIDER,THESE PEOPLE PROVIDE SERVICES TO SERVICE CONSUMERS,TRUE
98,TRAINEE,PEOPLE WHO GOES FOR TRAINING ONLY,TRUE
99,SERVICE_CONSUMER,THESE PEOPLE SEEK FOR SERVICES FROM SERVICE PROVIDERS,TRUE
100,TRAINEE,PEOPLE WHO GOES FOR TRAINING ONLY,TRUE
101,TRAINER,THESE PEOPLE PROVIDE TRAINING TO OTHERS,TRUE
102,ADMIN,ADMINS ARE GTS EMPLOYEES. THEY HAVE CONTROL OVER OTHER USERS,TRUE
103,RECRUITER,THEY ARE EMPLOYEES OF GTS OR CONTRATORS WORKING FOR GTS,TRUE
104,EMPLOYEE,THESE ARE PEOPLE WHO ARE WORKING UNDER SOME OR OTHER COMPANIES,TRUE
105,SERVICE_PROVIDER,THESE PEOPLE PROVIDE SERVICES TO SERVICE CONSUMERS,TRUE
106,TRAINEE,PEOPLE WHO GOES FOR TRAINING ONLY,TRUE
107,SERVICE_PROVIDER,THESE PEOPLE PROVIDE SERVICES TO SERVICE CONSUMERS,TRUE
108,SERVICE_PROVIDER,THESE PEOPLE PROVIDE SERVICES TO SERVICE CONSUMERS,TRUE
109,TRAINER,THESE PEOPLE PROVIDE TRAINING TO OTHERS,TRUE
110,ADMIN,ADMINS ARE GTS EMPLOYEES. THEY HAVE CONTROL OVER OTHER USERS,TRUE
111,RECRUITER,THEY ARE EMPLOYEES OF GTS OR CONTRATORS WORKING FOR GTS,TRUE
112,TRAINEE,PEOPLE WHO GOES FOR TRAINING ONLY,TRUE
113,TRAINEE,PEOPLE WHO GOES FOR TRAINING ONLY,TRUE
114,ADMIN,ADMINS ARE GTS EMPLOYEES. THEY HAVE CONTROL OVER OTHER USERS,TRUE
115,TRAINER,THESE PEOPLE PROVIDE TRAINING TO OTHERS,TRUE
116,ADMIN,ADMINS ARE GTS EMPLOYEES. THEY HAVE CONTROL OVER OTHER USERS,TRUE
117,EMPLOYEE,THESE ARE PEOPLE WHO ARE WORKING UNDER SOME OR OTHER COMPANIES,TRUE
118,SERVICE_PROVIDER,THESE PEOPLE PROVIDE SERVICES TO SERVICE CONSUMERS,TRUE
119,EMPLOYEE,THESE ARE PEOPLE WHO ARE WORKING UNDER SOME OR OTHER COMPANIES,TRUE
120,ADMIN,ADMINS ARE GTS EMPLOYEES. THEY HAVE CONTROL OVER OTHER USERS,TRUE
121,SERVICE_PROVIDER,THESE PEOPLE PROVIDE SERVICES TO SERVICE CONSUMERS,TRUE
122,TRAINER,THESE PEOPLE PROVIDE TRAINING TO OTHERS,TRUE
123,EMPLOYEE,THESE ARE PEOPLE WHO ARE WORKING UNDER SOME OR OTHER COMPANIES,TRUE
124,RECRUITER,THEY ARE EMPLOYEES OF GTS OR CONTRATORS WORKING FOR GTS,TRUE
125,SERVICE_PROVIDER,THESE PEOPLE PROVIDE SERVICES TO SERVICE CONSUMERS,TRUE
126,EMPLOYEE,THESE ARE PEOPLE WHO ARE WORKING UNDER SOME OR OTHER COMPANIES,TRUE
127,TRAINER,THESE PEOPLE PROVIDE TRAINING TO OTHERS,TRUE
128,RECRUITER,THEY ARE EMPLOYEES OF GTS OR CONTRATORS WORKING FOR GTS,TRUE
129,SERVICE_PROVIDER,THESE PEOPLE PROVIDE SERVICES TO SERVICE CONSUMERS,TRUE
130,TRAINEE,PEOPLE WHO GOES FOR TRAINING ONLY,TRUE
131,SERVICE_PROVIDER,THESE PEOPLE PROVIDE SERVICES TO SERVICE CONSUMERS,TRUE
132,SERVICE_CONSUMER,THESE PEOPLE SEEK FOR SERVICES FROM SERVICE PROVIDERS,TRUE
133,EMPLOYEE,THESE ARE PEOPLE WHO ARE WORKING UNDER SOME OR OTHER COMPANIES,TRUE
134,RECRUITER,THEY ARE EMPLOYEES OF GTS OR CONTRATORS WORKING FOR GTS,TRUE
135,TRAINER,THESE PEOPLE PROVIDE TRAINING TO OTHERS,TRUE
136,ADMIN,ADMINS ARE GTS EMPLOYEES. THEY HAVE CONTROL OVER OTHER USERS,TRUE
137,SERVICE_PROVIDER,THESE PEOPLE PROVIDE SERVICES TO SERVICE CONSUMERS,TRUE
138,TRAINER,THESE PEOPLE PROVIDE TRAINING TO OTHERS,TRUE
139,TRAINEE,PEOPLE WHO GOES FOR TRAINING ONLY,TRUE
140,SERVICE_PROVIDER,THESE PEOPLE PROVIDE SERVICES TO SERVICE CONSUMERS,TRUE
141,SERVICE_CONSUMER,THESE PEOPLE SEEK FOR SERVICES FROM SERVICE PROVIDERS,TRUE
142,RECRUITER,THEY ARE EMPLOYEES OF GTS OR CONTRATORS WORKING FOR GTS,TRUE
143,SERVICE_PROVIDER,THESE PEOPLE PROVIDE SERVICES TO SERVICE CONSUMERS,TRUE
144,SERVICE_CONSUMER,THESE PEOPLE SEEK FOR SERVICES FROM SERVICE PROVIDERS,TRUE
145,EMPLOYEE,THESE ARE PEOPLE WHO ARE WORKING UNDER SOME OR OTHER COMPANIES,TRUE
146,SERVICE_PROVIDER,THESE PEOPLE PROVIDE SERVICES TO SERVICE CONSUMERS,TRUE
147,TRAINEE,PEOPLE WHO GOES FOR TRAINING ONLY,TRUE
148,EMPLOYEE,THESE ARE PEOPLE WHO ARE WORKING UNDER SOME OR OTHER COMPANIES,TRUE
149,SERVICE_PROVIDER,THESE PEOPLE PROVIDE SERVICES TO SERVICE CONSUMERS,TRUE
150,SERVICE_CONSUMER,THESE PEOPLE SEEK FOR SERVICES FROM SERVICE PROVIDERS,TRUE
151,ADMIN,ADMINS ARE GTS EMPLOYEES. THEY HAVE CONTROL OVER OTHER USERS,TRUE
152,SERVICE_PROVIDER,THESE PEOPLE PROVIDE SERVICES TO SERVICE CONSUMERS,TRUE
153,EMPLOYEE,THESE ARE PEOPLE WHO ARE WORKING UNDER SOME OR OTHER COMPANIES,TRUE
154,SERVICE_PROVIDER,THESE PEOPLE PROVIDE SERVICES TO SERVICE CONSUMERS,TRUE
155,ADMIN,ADMINS ARE GTS EMPLOYEES. THEY HAVE CONTROL OVER OTHER USERS,TRUE
156,TRAINEE,PEOPLE WHO GOES FOR TRAINING ONLY,TRUE
157,TRAINER,THESE PEOPLE PROVIDE TRAINING TO OTHERS,TRUE
158,TRAINEE,PEOPLE WHO GOES FOR TRAINING ONLY,TRUE
159,EMPLOYEE,THESE ARE PEOPLE WHO ARE WORKING UNDER SOME OR OTHER COMPANIES,TRUE
160,EMPLOYEE,THESE ARE PEOPLE WHO ARE WORKING UNDER SOME OR OTHER COMPANIES,TRUE
161,ADMIN,ADMINS ARE GTS EMPLOYEES. THEY HAVE CONTROL OVER OTHER USERS,TRUE
162,TRAINER,THESE PEOPLE PROVIDE TRAINING TO OTHERS,TRUE
163,EMPLOYEE,THESE ARE PEOPLE WHO ARE WORKING UNDER SOME OR OTHER COMPANIES,TRUE
164,TRAINER,THESE PEOPLE PROVIDE TRAINING TO OTHERS,TRUE
165,TRAINER,THESE PEOPLE PROVIDE TRAINING TO OTHERS,TRUE
166,ADMIN,ADMINS ARE GTS EMPLOYEES. THEY HAVE CONTROL OVER OTHER USERS,TRUE
167,TRAINEE,PEOPLE WHO GOES FOR TRAINING ONLY,TRUE
168,SERVICE_PROVIDER,THESE PEOPLE PROVIDE SERVICES TO SERVICE CONSUMERS,TRUE
169,SERVICE_PROVIDER,THESE PEOPLE PROVIDE SERVICES TO SERVICE CONSUMERS,TRUE
170,SERVICE_PROVIDER,THESE PEOPLE PROVIDE SERVICES TO SERVICE CONSUMERS,TRUE
171,RECRUITER,THEY ARE EMPLOYEES OF GTS OR CONTRATORS WORKING FOR GTS,TRUE
172,TRAINEE,PEOPLE WHO GOES FOR TRAINING ONLY,TRUE
173,ADMIN,ADMINS ARE GTS EMPLOYEES. THEY HAVE CONTROL OVER OTHER USERS,TRUE
174,SERVICE_PROVIDER,THESE PEOPLE PROVIDE SERVICES TO SERVICE CONSUMERS,TRUE
175,TRAINER,THESE PEOPLE PROVIDE TRAINING TO OTHERS,TRUE
176,SERVICE_CONSUMER,THESE PEOPLE SEEK FOR SERVICES FROM SERVICE PROVIDERS,TRUE
177,SERVICE_CONSUMER,THESE PEOPLE SEEK FOR SERVICES FROM SERVICE PROVIDERS,TRUE
178,ADMIN,ADMINS ARE GTS EMPLOYEES. THEY HAVE CONTROL OVER OTHER USERS,TRUE
179,ADMIN,ADMINS ARE GTS EMPLOYEES. THEY HAVE CONTROL OVER OTHER USERS,TRUE
180,RECRUITER,THEY ARE EMPLOYEES OF GTS OR CONTRATORS WORKING FOR GTS,TRUE
181,ADMIN,ADMINS ARE GTS EMPLOYEES. THEY HAVE CONTROL OVER OTHER USERS,TRUE
182,EMPLOYEE,THESE ARE PEOPLE WHO ARE WORKING UNDER SOME OR OTHER COMPANIES,TRUE
183,TRAINEE,PEOPLE WHO GOES FOR TRAINING ONLY,TRUE
184,SERVICE_PROVIDER,THESE PEOPLE PROVIDE SERVICES TO SERVICE CONSUMERS,TRUE
185,EMPLOYEE,THESE ARE PEOPLE WHO ARE WORKING UNDER SOME OR OTHER COMPANIES,TRUE
186,RECRUITER,THEY ARE EMPLOYEES OF GTS OR CONTRATORS WORKING FOR GTS,TRUE
187,TRAINEE,PEOPLE WHO GOES FOR TRAINING ONLY,TRUE
188,EMPLOYEE,THESE ARE PEOPLE WHO ARE WORKING UNDER SOME OR OTHER COMPANIES,TRUE
189,SERVICE_CONSUMER,THESE PEOPLE SEEK FOR SERVICES FROM SERVICE PROVIDERS,TRUE
190,TRAINEE,PEOPLE WHO GOES FOR TRAINING ONLY,TRUE
191,SERVICE_PROVIDER,THESE PEOPLE PROVIDE SERVICES TO SERVICE CONSUMERS,TRUE
192,TRAINER,THESE PEOPLE PROVIDE TRAINING TO OTHERS,TRUE
193,EMPLOYEE,THESE ARE PEOPLE WHO ARE WORKING UNDER SOME OR OTHER COMPANIES,TRUE
194,TRAINER,THESE PEOPLE PROVIDE TRAINING TO OTHERS,TRUE
195,EMPLOYEE,THESE ARE PEOPLE WHO ARE WORKING UNDER SOME OR OTHER COMPANIES,TRUE
196,TRAINER,THESE PEOPLE PROVIDE TRAINING TO OTHERS,TRUE
197,TRAINEE,PEOPLE WHO GOES FOR TRAINING ONLY,TRUE
198,EMPLOYEE,THESE ARE PEOPLE WHO ARE WORKING UNDER SOME OR OTHER COMPANIES,TRUE
199,TRAINEE,PEOPLE WHO GOES FOR TRAINING ONLY,TRUE
200,SERVICE_PROVIDER,THESE PEOPLE PROVIDE SERVICES TO SERVICE CONSUMERS,TRUE
201,ADMIN,ADMINS ARE GTS EMPLOYEES. THEY HAVE CONTROL OVER OTHER USERS,TRUE
202,RECRUITER,THEY ARE EMPLOYEES OF GTS OR CONTRATORS WORKING FOR GTS,TRUE
203,TRAINER,THESE PEOPLE PROVIDE TRAINING TO OTHERS,TRUE
204,SERVICE_PROVIDER,THESE PEOPLE PROVIDE SERVICES TO SERVICE CONSUMERS,TRUE
205,ADMIN,ADMINS ARE GTS EMPLOYEES. THEY HAVE CONTROL OVER OTHER USERS,TRUE
206,SERVICE_PROVIDER,THESE PEOPLE PROVIDE SERVICES TO SERVICE CONSUMERS,TRUE
207,SERVICE_PROVIDER,THESE PEOPLE PROVIDE SERVICES TO SERVICE CONSUMERS,TRUE
208,EMPLOYEE,THESE ARE PEOPLE WHO ARE WORKING UNDER SOME OR OTHER COMPANIES,TRUE
209,ADMIN,ADMINS ARE GTS EMPLOYEES. THEY HAVE CONTROL OVER OTHER USERS,TRUE
210,ADMIN,ADMINS ARE GTS EMPLOYEES. THEY HAVE CONTROL OVER OTHER USERS,TRUE
211,SERVICE_CONSUMER,THESE PEOPLE SEEK FOR SERVICES FROM SERVICE PROVIDERS,TRUE
212,EMPLOYEE,THESE ARE PEOPLE WHO ARE WORKING UNDER SOME OR OTHER COMPANIES,TRUE
213,ADMIN,ADMINS ARE GTS EMPLOYEES. THEY HAVE CONTROL OVER OTHER USERS,TRUE
214,SERVICE_CONSUMER,THESE PEOPLE SEEK FOR SERVICES FROM SERVICE PROVIDERS,TRUE
215,SERVICE_CONSUMER,THESE PEOPLE SEEK FOR SERVICES FROM SERVICE PROVIDERS,TRUE
216,TRAINEE,PEOPLE WHO GOES FOR TRAINING ONLY,TRUE
217,SERVICE_PROVIDER,THESE PEOPLE PROVIDE SERVICES TO SERVICE CONSUMERS,TRUE
218,RECRUITER,THEY ARE EMPLOYEES OF GTS OR CONTRATORS WORKING FOR GTS,TRUE
219,SERVICE_PROVIDER,THESE PEOPLE PROVIDE SERVICES TO SERVICE CONSUMERS,TRUE
220,SERVICE_PROVIDER,THESE PEOPLE PROVIDE SERVICES TO SERVICE CONSUMERS,TRUE
221,TRAINER,THESE PEOPLE PROVIDE TRAINING TO OTHERS,TRUE
222,TRAINEE,PEOPLE WHO GOES FOR TRAINING ONLY,TRUE
223,RECRUITER,THEY ARE EMPLOYEES OF GTS OR CONTRATORS WORKING FOR GTS,TRUE
224,SERVICE_CONSUMER,THESE PEOPLE SEEK FOR SERVICES FROM SERVICE PROVIDERS,TRUE
225,SERVICE_PROVIDER,THESE PEOPLE PROVIDE SERVICES TO SERVICE CONSUMERS,TRUE
226,SERVICE_PROVIDER,THESE PEOPLE PROVIDE SERVICES TO SERVICE CONSUMERS,TRUE
227,SERVICE_PROVIDER,THESE PEOPLE PROVIDE SERVICES TO SERVICE CONSUMERS,TRUE
228,SERVICE_CONSUMER,THESE PEOPLE SEEK FOR SERVICES FROM SERVICE PROVIDERS,TRUE
229,TRAINEE,PEOPLE WHO GOES FOR TRAINING ONLY,TRUE
230,TRAINEE,PEOPLE WHO GOES FOR TRAINING ONLY,TRUE
231,SERVICE_PROVIDER,THESE PEOPLE PROVIDE SERVICES TO SERVICE CONSUMERS,TRUE
232,EMPLOYEE,THESE ARE PEOPLE WHO ARE WORKING UNDER SOME OR OTHER COMPANIES,TRUE
233,EMPLOYEE,THESE ARE PEOPLE WHO ARE WORKING UNDER SOME OR OTHER COMPANIES,TRUE
234,ADMIN,ADMINS ARE GTS EMPLOYEES. THEY HAVE CONTROL OVER OTHER USERS,TRUE
235,TRAINER,THESE PEOPLE PROVIDE TRAINING TO OTHERS,TRUE
236,ADMIN,ADMINS ARE GTS EMPLOYEES. THEY HAVE CONTROL OVER OTHER USERS,TRUE
237,EMPLOYEE,THESE ARE PEOPLE WHO ARE WORKING UNDER SOME OR OTHER COMPANIES,TRUE
238,TRAINEE,PEOPLE WHO GOES FOR TRAINING ONLY,TRUE
239,SERVICE_PROVIDER,THESE PEOPLE PROVIDE SERVICES TO SERVICE CONSUMERS,TRUE
240,RECRUITER,THEY ARE EMPLOYEES OF GTS OR CONTRATORS WORKING FOR GTS,TRUE
241,RECRUITER,THEY ARE EMPLOYEES OF GTS OR CONTRATORS WORKING FOR GTS,TRUE
242,RECRUITER,THEY ARE EMPLOYEES OF GTS OR CONTRATORS WORKING FOR GTS,TRUE
243,TRAINEE,PEOPLE WHO GOES FOR TRAINING ONLY,TRUE
244,ADMIN,ADMINS ARE GTS EMPLOYEES. THEY HAVE CONTROL OVER OTHER USERS,TRUE
245,EMPLOYEE,THESE ARE PEOPLE WHO ARE WORKING UNDER SOME OR OTHER COMPANIES,TRUE
246,EMPLOYEE,THESE ARE PEOPLE WHO ARE WORKING UNDER SOME OR OTHER COMPANIES,TRUE
247,TRAINER,THESE PEOPLE PROVIDE TRAINING TO OTHERS,TRUE
248,SERVICE_CONSUMER,THESE PEOPLE SEEK FOR SERVICES FROM SERVICE PROVIDERS,TRUE
249,SERVICE_PROVIDER,THESE PEOPLE PROVIDE SERVICES TO SERVICE CONSUMERS,TRUE
250,TRAINEE,PEOPLE WHO GOES FOR TRAINING ONLY,TRUE
251,SERVICE_CONSUMER,THESE PEOPLE SEEK FOR SERVICES FROM SERVICE PROVIDERS,TRUE
252,SERVICE_CONSUMER,THESE PEOPLE SEEK FOR SERVICES FROM SERVICE PROVIDERS,TRUE
253,EMPLOYEE,THESE ARE PEOPLE WHO ARE WORKING UNDER SOME OR OTHER COMPANIES,TRUE
254,ADMIN,ADMINS ARE GTS EMPLOYEES. THEY HAVE CONTROL OVER OTHER USERS,TRUE
255,RECRUITER,THEY ARE EMPLOYEES OF GTS OR CONTRATORS WORKING FOR GTS,TRUE
256,RECRUITER,THEY ARE EMPLOYEES OF GTS OR CONTRATORS WORKING FOR GTS,TRUE
257,ADMIN,ADMINS ARE GTS EMPLOYEES. THEY HAVE CONTROL OVER OTHER USERS,TRUE
258,EMPLOYEE,THESE ARE PEOPLE WHO ARE WORKING UNDER SOME OR OTHER COMPANIES,TRUE
259,SERVICE_CONSUMER,THESE PEOPLE SEEK FOR SERVICES FROM SERVICE PROVIDERS,TRUE
260,TRAINER,THESE PEOPLE PROVIDE TRAINING TO OTHERS,TRUE
261,EMPLOYEE,THESE ARE PEOPLE WHO ARE WORKING UNDER SOME OR OTHER COMPANIES,TRUE
262,RECRUITER,THEY ARE EMPLOYEES OF GTS OR CONTRATORS WORKING FOR GTS,TRUE
263,TRAINEE,PEOPLE WHO GOES FOR TRAINING ONLY,TRUE
264,SERVICE_PROVIDER,THESE PEOPLE PROVIDE SERVICES TO SERVICE CONSUMERS,TRUE
265,SERVICE_CONSUMER,THESE PEOPLE SEEK FOR SERVICES FROM SERVICE PROVIDERS,TRUE
266,SERVICE_PROVIDER,THESE PEOPLE PROVIDE SERVICES TO SERVICE CONSUMERS,TRUE
267,EMPLOYEE,THESE ARE PEOPLE WHO ARE WORKING UNDER SOME OR OTHER COMPANIES,TRUE
268,TRAINEE,PEOPLE WHO GOES FOR TRAINING ONLY,TRUE
269,EMPLOYEE,THESE ARE PEOPLE WHO ARE WORKING UNDER SOME OR OTHER COMPANIES,TRUE
270,EMPLOYEE,THESE ARE PEOPLE WHO ARE WORKING UNDER SOME OR OTHER COMPANIES,TRUE
271,RECRUITER,THEY ARE EMPLOYEES OF GTS OR CONTRATORS WORKING FOR GTS,TRUE
272,SERVICE_CONSUMER,THESE PEOPLE SEEK FOR SERVICES FROM SERVICE PROVIDERS,TRUE
273,SERVICE_CONSUMER,THESE PEOPLE SEEK FOR SERVICES FROM SERVICE PROVIDERS,TRUE
274,ADMIN,ADMINS ARE GTS EMPLOYEES. THEY HAVE CONTROL OVER OTHER USERS,TRUE
275,SERVICE_CONSUMER,THESE PEOPLE SEEK FOR SERVICES FROM SERVICE PROVIDERS,TRUE
276,TRAINER,THESE PEOPLE PROVIDE TRAINING TO OTHERS,TRUE
277,EMPLOYEE,THESE ARE PEOPLE WHO ARE WORKING UNDER SOME OR OTHER COMPANIES,TRUE
278,RECRUITER,THEY ARE EMPLOYEES OF GTS OR CONTRATORS WORKING FOR GTS,TRUE
279,EMPLOYEE,THESE ARE PEOPLE WHO ARE WORKING UNDER SOME OR OTHER COMPANIES,TRUE
280,TRAINEE,PEOPLE WHO GOES FOR TRAINING ONLY,TRUE
281,RECRUITER,THEY ARE EMPLOYEES OF GTS OR CONTRATORS WORKING FOR GTS,TRUE
282,ADMIN,ADMINS ARE GTS EMPLOYEES. THEY HAVE CONTROL OVER OTHER USERS,TRUE
283,TRAINEE,PEOPLE WHO GOES FOR TRAINING ONLY,TRUE
284,SERVICE_PROVIDER,THESE PEOPLE PROVIDE SERVICES TO SERVICE CONSUMERS,TRUE
285,SERVICE_CONSUMER,THESE PEOPLE SEEK FOR SERVICES FROM SERVICE PROVIDERS,TRUE
286,EMPLOYEE,THESE ARE PEOPLE WHO ARE WORKING UNDER SOME OR OTHER COMPANIES,TRUE
287,SERVICE_CONSUMER,THESE PEOPLE SEEK FOR SERVICES FROM SERVICE PROVIDERS,TRUE
288,SERVICE_PROVIDER,THESE PEOPLE PROVIDE SERVICES TO SERVICE CONSUMERS,TRUE
289,TRAINER,THESE PEOPLE PROVIDE TRAINING TO OTHERS,TRUE
290,SERVICE_CONSUMER,THESE PEOPLE SEEK FOR SERVICES FROM SERVICE PROVIDERS,TRUE
291,TRAINER,THESE PEOPLE PROVIDE TRAINING TO OTHERS,TRUE
292,TRAINEE,PEOPLE WHO GOES FOR TRAINING ONLY,TRUE
293,ADMIN,ADMINS ARE GTS EMPLOYEES. THEY HAVE CONTROL OVER OTHER USERS,TRUE
294,ADMIN,ADMINS ARE GTS EMPLOYEES. THEY HAVE CONTROL OVER OTHER USERS,TRUE
295,EMPLOYEE,THESE ARE PEOPLE WHO ARE WORKING UNDER SOME OR OTHER COMPANIES,TRUE
296,RECRUITER,THEY ARE EMPLOYEES OF GTS OR CONTRATORS WORKING FOR GTS,TRUE
297,RECRUITER,THEY ARE EMPLOYEES OF GTS OR CONTRATORS WORKING FOR GTS,TRUE
298,TRAINER,THESE PEOPLE PROVIDE TRAINING TO OTHERS,TRUE
299,TRAINEE,PEOPLE WHO GOES FOR TRAINING ONLY,TRUE
300,SERVICE_CONSUMER,THESE PEOPLE SEEK FOR SERVICES FROM SERVICE PROVIDERS,TRUE
301,SERVICE_CONSUMER,THESE PEOPLE SEEK FOR SERVICES FROM SERVICE PROVIDERS,TRUE
302,SERVICE_PROVIDER,THESE PEOPLE PROVIDE SERVICES TO SERVICE CONSUMERS,TRUE
303,TRAINEE,PEOPLE WHO GOES FOR TRAINING ONLY,TRUE
304,EMPLOYEE,THESE ARE PEOPLE WHO ARE WORKING UNDER SOME OR OTHER COMPANIES,TRUE
305,RECRUITER,THEY ARE EMPLOYEES OF GTS OR CONTRATORS WORKING FOR GTS,TRUE
306,TRAINEE,PEOPLE WHO GOES FOR TRAINING ONLY,TRUE
307,RECRUITER,THEY ARE EMPLOYEES OF GTS OR CONTRATORS WORKING FOR GTS,TRUE
308,EMPLOYEE,THESE ARE PEOPLE WHO ARE WORKING UNDER SOME OR OTHER COMPANIES,TRUE
309,SERVICE_CONSUMER,THESE PEOPLE SEEK FOR SERVICES FROM SERVICE PROVIDERS,TRUE
310,SERVICE_CONSUMER,THESE PEOPLE SEEK FOR SERVICES FROM SERVICE PROVIDERS,TRUE
311,ADMIN,ADMINS ARE GTS EMPLOYEES. THEY HAVE CONTROL OVER OTHER USERS,TRUE
312,ADMIN,ADMINS ARE GTS EMPLOYEES. THEY HAVE CONTROL OVER OTHER USERS,TRUE
313,SERVICE_PROVIDER,THESE PEOPLE PROVIDE SERVICES TO SERVICE CONSUMERS,TRUE
314,TRAINER,THESE PEOPLE PROVIDE TRAINING TO OTHERS,TRUE
315,TRAINER,THESE PEOPLE PROVIDE TRAINING TO OTHERS,TRUE
316,SERVICE_CONSUMER,THESE PEOPLE SEEK FOR SERVICES FROM SERVICE PROVIDERS,TRUE
317,EMPLOYEE,THESE ARE PEOPLE WHO ARE WORKING UNDER SOME OR OTHER COMPANIES,TRUE
318,EMPLOYEE,THESE ARE PEOPLE WHO ARE WORKING UNDER SOME OR OTHER COMPANIES,TRUE
319,RECRUITER,THEY ARE EMPLOYEES OF GTS OR CONTRATORS WORKING FOR GTS,TRUE
320,TRAINER,THESE PEOPLE PROVIDE TRAINING TO OTHERS,TRUE
321,ADMIN,ADMINS ARE GTS EMPLOYEES. THEY HAVE CONTROL OVER OTHER USERS,TRUE
322,TRAINER,THESE PEOPLE PROVIDE TRAINING TO OTHERS,TRUE
323,SERVICE_CONSUMER,THESE PEOPLE SEEK FOR SERVICES FROM SERVICE PROVIDERS,TRUE
324,ADMIN,ADMINS ARE GTS EMPLOYEES. THEY HAVE CONTROL OVER OTHER USERS,TRUE
325,EMPLOYEE,THESE ARE PEOPLE WHO ARE WORKING UNDER SOME OR OTHER COMPANIES,TRUE
326,EMPLOYEE,THESE ARE PEOPLE WHO ARE WORKING UNDER SOME OR OTHER COMPANIES,TRUE
327,SERVICE_CONSUMER,THESE PEOPLE SEEK FOR SERVICES FROM SERVICE PROVIDERS,TRUE
328,ADMIN,ADMINS ARE GTS EMPLOYEES. THEY HAVE CONTROL OVER OTHER USERS,TRUE
329,RECRUITER,THEY ARE EMPLOYEES OF GTS OR CONTRATORS WORKING FOR GTS,TRUE
330,SERVICE_PROVIDER,THESE PEOPLE PROVIDE SERVICES TO SERVICE CONSUMERS,TRUE
331,TRAINEE,PEOPLE WHO GOES FOR TRAINING ONLY,TRUE
332,RECRUITER,THEY ARE EMPLOYEES OF GTS OR CONTRATORS WORKING FOR GTS,TRUE
333,TRAINER,THESE PEOPLE PROVIDE TRAINING TO OTHERS,TRUE
334,TRAINEE,PEOPLE WHO GOES FOR TRAINING ONLY,TRUE
335,SERVICE_CONSUMER,THESE PEOPLE SEEK FOR SERVICES FROM SERVICE PROVIDERS,TRUE
336,EMPLOYEE,THESE ARE PEOPLE WHO ARE WORKING UNDER SOME OR OTHER COMPANIES,TRUE
337,ADMIN,ADMINS ARE GTS EMPLOYEES. THEY HAVE CONTROL OVER OTHER USERS,TRUE
338,RECRUITER,THEY ARE EMPLOYEES OF GTS OR CONTRATORS WORKING FOR GTS,TRUE
339,ADMIN,ADMINS ARE GTS EMPLOYEES. THEY HAVE CONTROL OVER OTHER USERS,TRUE
340,TRAINER,THESE PEOPLE PROVIDE TRAINING TO OTHERS,TRUE
341,SERVICE_CONSUMER,THESE PEOPLE SEEK FOR SERVICES FROM SERVICE PROVIDERS,TRUE
342,TRAINEE,PEOPLE WHO GOES FOR TRAINING ONLY,TRUE
343,SERVICE_CONSUMER,THESE PEOPLE SEEK FOR SERVICES FROM SERVICE PROVIDERS,TRUE
344,SERVICE_PROVIDER,THESE PEOPLE PROVIDE SERVICES TO SERVICE CONSUMERS,TRUE
345,SERVICE_CONSUMER,THESE PEOPLE SEEK FOR SERVICES FROM SERVICE PROVIDERS,TRUE
346,TRAINER,THESE PEOPLE PROVIDE TRAINING TO OTHERS,TRUE
347,TRAINEE,PEOPLE WHO GOES FOR TRAINING ONLY,TRUE
348,RECRUITER,THEY ARE EMPLOYEES OF GTS OR CONTRATORS WORKING FOR GTS,TRUE
349,TRAINEE,PEOPLE WHO GOES FOR TRAINING ONLY,TRUE
350,RECRUITER,THEY ARE EMPLOYEES OF GTS OR CONTRATORS WORKING FOR GTS,TRUE
351,SERVICE_PROVIDER,THESE PEOPLE PROVIDE SERVICES TO SERVICE CONSUMERS,TRUE
352,SERVICE_CONSUMER,THESE PEOPLE SEEK FOR SERVICES FROM SERVICE PROVIDERS,TRUE
353,RECRUITER,THEY ARE EMPLOYEES OF GTS OR CONTRATORS WORKING FOR GTS,TRUE
354,TRAINER,THESE PEOPLE PROVIDE TRAINING TO OTHERS,TRUE
355,TRAINEE,PEOPLE WHO GOES FOR TRAINING ONLY,TRUE
356,RECRUITER,THEY ARE EMPLOYEES OF GTS OR CONTRATORS WORKING FOR GTS,TRUE
357,TRAINER,THESE PEOPLE PROVIDE TRAINING TO OTHERS,TRUE
358,EMPLOYEE,THESE ARE PEOPLE WHO ARE WORKING UNDER SOME OR OTHER COMPANIES,TRUE
359,EMPLOYEE,THESE ARE PEOPLE WHO ARE WORKING UNDER SOME OR OTHER COMPANIES,TRUE
360,TRAINER,THESE PEOPLE PROVIDE TRAINING TO OTHERS,TRUE
361,TRAINEE,PEOPLE WHO GOES FOR TRAINING ONLY,TRUE
362,SERVICE_PROVIDER,THESE PEOPLE PROVIDE SERVICES TO SERVICE CONSUMERS,TRUE
363,ADMIN,ADMINS ARE GTS EMPLOYEES. THEY HAVE CONTROL OVER OTHER USERS,TRUE
364,SERVICE_PROVIDER,THESE PEOPLE PROVIDE SERVICES TO SERVICE CONSUMERS,TRUE
365,SERVICE_PROVIDER,THESE PEOPLE PROVIDE SERVICES TO SERVICE CONSUMERS,TRUE
366,RECRUITER,THEY ARE EMPLOYEES OF GTS OR CONTRATORS WORKING FOR GTS,TRUE
367,ADMIN,ADMINS ARE GTS EMPLOYEES. THEY HAVE CONTROL OVER OTHER USERS,TRUE
368,SERVICE_PROVIDER,THESE PEOPLE PROVIDE SERVICES TO SERVICE CONSUMERS,TRUE
369,SERVICE_CONSUMER,THESE PEOPLE SEEK FOR SERVICES FROM SERVICE PROVIDERS,TRUE
370,TRAINEE,PEOPLE WHO GOES FOR TRAINING ONLY,TRUE
371,RECRUITER,THEY ARE EMPLOYEES OF GTS OR CONTRATORS WORKING FOR GTS,TRUE
372,TRAINEE,PEOPLE WHO GOES FOR TRAINING ONLY,TRUE
373,TRAINEE,PEOPLE WHO GOES FOR TRAINING ONLY,TRUE
374,ADMIN,ADMINS ARE GTS EMPLOYEES. THEY HAVE CONTROL OVER OTHER USERS,TRUE
375,EMPLOYEE,THESE ARE PEOPLE WHO ARE WORKING UNDER SOME OR OTHER COMPANIES,TRUE
376,RECRUITER,THEY ARE EMPLOYEES OF GTS OR CONTRATORS WORKING FOR GTS,TRUE
377,TRAINEE,PEOPLE WHO GOES FOR TRAINING ONLY,TRUE
378,SERVICE_PROVIDER,THESE PEOPLE PROVIDE SERVICES TO SERVICE CONSUMERS,TRUE
379,ADMIN,ADMINS ARE GTS EMPLOYEES. THEY HAVE CONTROL OVER OTHER USERS,TRUE
380,SERVICE_CONSUMER,THESE PEOPLE SEEK FOR SERVICES FROM SERVICE PROVIDERS,TRUE
381,EMPLOYEE,THESE ARE PEOPLE WHO ARE WORKING UNDER SOME OR OTHER COMPANIES,TRUE
382,RECRUITER,THEY ARE EMPLOYEES OF GTS OR CONTRATORS WORKING FOR GTS,TRUE
383,SERVICE_CONSUMER,THESE PEOPLE SEEK FOR SERVICES FROM SERVICE PROVIDERS,TRUE
384,TRAINER,THESE PEOPLE PROVIDE TRAINING TO OTHERS,TRUE
385,TRAINEE,PEOPLE WHO GOES FOR TRAINING ONLY,TRUE
386,TRAINEE,PEOPLE WHO GOES FOR TRAINING ONLY,TRUE
387,TRAINER,THESE PEOPLE PROVIDE TRAINING TO OTHERS,TRUE
388,SERVICE_PROVIDER,THESE PEOPLE PROVIDE SERVICES TO SERVICE CONSUMERS,TRUE
389,SERVICE_CONSUMER,THESE PEOPLE SEEK FOR SERVICES FROM SERVICE PROVIDERS,TRUE
390,TRAINER,THESE PEOPLE PROVIDE TRAINING TO OTHERS,TRUE
391,ADMIN,ADMINS ARE GTS EMPLOYEES. THEY HAVE CONTROL OVER OTHER USERS,TRUE
392,TRAINER,THESE PEOPLE PROVIDE TRAINING TO OTHERS,TRUE
393,TRAINER,THESE PEOPLE PROVIDE TRAINING TO OTHERS,TRUE
394,EMPLOYEE,THESE ARE PEOPLE WHO ARE WORKING UNDER SOME OR OTHER COMPANIES,TRUE
395,TRAINER,THESE PEOPLE PROVIDE TRAINING TO OTHERS,TRUE
396,SERVICE_CONSUMER,THESE PEOPLE SEEK FOR SERVICES FROM SERVICE PROVIDERS,TRUE
397,SERVICE_CONSUMER,THESE PEOPLE SEEK FOR SERVICES FROM SERVICE PROVIDERS,TRUE
398,SERVICE_CONSUMER,THESE PEOPLE SEEK FOR SERVICES FROM SERVICE PROVIDERS,TRUE
399,SERVICE_CONSUMER,THESE PEOPLE SEEK FOR SERVICES FROM SERVICE PROVIDERS,TRUE
400,RECRUITER,THEY ARE EMPLOYEES OF GTS OR CONTRATORS WORKING FOR GTS,TRUE
401,ADMIN,ADMINS ARE GTS EMPLOYEES. THEY HAVE CONTROL OVER OTHER USERS,TRUE
402,RECRUITER,THEY ARE EMPLOYEES OF GTS OR CONTRATORS WORKING FOR GTS,TRUE
403,SERVICE_CONSUMER,THESE PEOPLE SEEK FOR SERVICES FROM SERVICE PROVIDERS,TRUE
404,SERVICE_CONSUMER,THESE PEOPLE SEEK FOR SERVICES FROM SERVICE PROVIDERS,TRUE
405,TRAINEE,PEOPLE WHO GOES FOR TRAINING ONLY,TRUE
406,EMPLOYEE,THESE ARE PEOPLE WHO ARE WORKING UNDER SOME OR OTHER COMPANIES,TRUE
407,TRAINER,THESE PEOPLE PROVIDE TRAINING TO OTHERS,TRUE
408,RECRUITER,THEY ARE EMPLOYEES OF GTS OR CONTRATORS WORKING FOR GTS,TRUE
409,SERVICE_PROVIDER,THESE PEOPLE PROVIDE SERVICES TO SERVICE CONSUMERS,TRUE
410,RECRUITER,THEY ARE EMPLOYEES OF GTS OR CONTRATORS WORKING FOR GTS,TRUE
411,EMPLOYEE,THESE ARE PEOPLE WHO ARE WORKING UNDER SOME OR OTHER COMPANIES,TRUE
412,SERVICE_PROVIDER,THESE PEOPLE PROVIDE SERVICES TO SERVICE CONSUMERS,TRUE
413,EMPLOYEE,THESE ARE PEOPLE WHO ARE WORKING UNDER SOME OR OTHER COMPANIES,TRUE
414,TRAINER,THESE PEOPLE PROVIDE TRAINING TO OTHERS,TRUE
415,SERVICE_PROVIDER,THESE PEOPLE PROVIDE SERVICES TO SERVICE CONSUMERS,TRUE
416,SERVICE_PROVIDER,THESE PEOPLE PROVIDE SERVICES TO SERVICE CONSUMERS,TRUE
417,SERVICE_PROVIDER,THESE PEOPLE PROVIDE SERVICES TO SERVICE CONSUMERS,TRUE
418,ADMIN,ADMINS ARE GTS EMPLOYEES. THEY HAVE CONTROL OVER OTHER USERS,TRUE
419,TRAINER,THESE PEOPLE PROVIDE TRAINING TO OTHERS,TRUE
420,RECRUITER,THEY ARE EMPLOYEES OF GTS OR CONTRATORS WORKING FOR GTS,TRUE
421,SERVICE_PROVIDER,THESE PEOPLE PROVIDE SERVICES TO SERVICE CONSUMERS,TRUE
422,ADMIN,ADMINS ARE GTS EMPLOYEES. THEY HAVE CONTROL OVER OTHER USERS,TRUE
423,ADMIN,ADMINS ARE GTS EMPLOYEES. THEY HAVE CONTROL OVER OTHER USERS,TRUE
424,TRAINER,THESE PEOPLE PROVIDE TRAINING TO OTHERS,TRUE
425,EMPLOYEE,THESE ARE PEOPLE WHO ARE WORKING UNDER SOME OR OTHER COMPANIES,TRUE
426,SERVICE_CONSUMER,THESE PEOPLE SEEK FOR SERVICES FROM SERVICE PROVIDERS,TRUE
427,TRAINER,THESE PEOPLE PROVIDE TRAINING TO OTHERS,TRUE
428,SERVICE_CONSUMER,THESE PEOPLE SEEK FOR SERVICES FROM SERVICE PROVIDERS,TRUE
429,EMPLOYEE,THESE ARE PEOPLE WHO ARE WORKING UNDER SOME OR OTHER COMPANIES,TRUE
430,SERVICE_CONSUMER,THESE PEOPLE SEEK FOR SERVICES FROM SERVICE PROVIDERS,TRUE
431,EMPLOYEE,THESE ARE PEOPLE WHO ARE WORKING UNDER SOME OR OTHER COMPANIES,TRUE
432,SERVICE_PROVIDER,THESE PEOPLE PROVIDE SERVICES TO SERVICE CONSUMERS,TRUE
433,TRAINER,THESE PEOPLE PROVIDE TRAINING TO OTHERS,TRUE
434,ADMIN,ADMINS ARE GTS EMPLOYEES. THEY HAVE CONTROL OVER OTHER USERS,TRUE
435,SERVICE_CONSUMER,THESE PEOPLE SEEK FOR SERVICES FROM SERVICE PROVIDERS,TRUE
436,SERVICE_CONSUMER,THESE PEOPLE SEEK FOR SERVICES FROM SERVICE PROVIDERS,TRUE
437,ADMIN,ADMINS ARE GTS EMPLOYEES. THEY HAVE CONTROL OVER OTHER USERS,TRUE
438,SERVICE_CONSUMER,THESE PEOPLE SEEK FOR SERVICES FROM SERVICE PROVIDERS,TRUE
439,RECRUITER,THEY ARE EMPLOYEES OF GTS OR CONTRATORS WORKING FOR GTS,TRUE
440,SERVICE_CONSUMER,THESE PEOPLE SEEK FOR SERVICES FROM SERVICE PROVIDERS,TRUE
441,TRAINER,THESE PEOPLE PROVIDE TRAINING TO OTHERS,TRUE
442,SERVICE_PROVIDER,THESE PEOPLE PROVIDE SERVICES TO SERVICE CONSUMERS,TRUE
443,TRAINEE,PEOPLE WHO GOES FOR TRAINING ONLY,TRUE
444,TRAINER,THESE PEOPLE PROVIDE TRAINING TO OTHERS,TRUE
445,EMPLOYEE,THESE ARE PEOPLE WHO ARE WORKING UNDER SOME OR OTHER COMPANIES,TRUE
446,TRAINER,THESE PEOPLE PROVIDE TRAINING TO OTHERS,TRUE
447,SERVICE_CONSUMER,THESE PEOPLE SEEK FOR SERVICES FROM SERVICE PROVIDERS,TRUE
448,TRAINER,THESE PEOPLE PROVIDE TRAINING TO OTHERS,TRUE
449,RECRUITER,THEY ARE EMPLOYEES OF GTS OR CONTRATORS WORKING FOR GTS,TRUE
450,SERVICE_CONSUMER,THESE PEOPLE SEEK FOR SERVICES FROM SERVICE PROVIDERS,TRUE
451,RECRUITER,THEY ARE EMPLOYEES OF GTS OR CONTRATORS WORKING FOR GTS,TRUE
452,EMPLOYEE,THESE ARE PEOPLE WHO ARE WORKING UNDER SOME OR OTHER COMPANIES,TRUE
453,SERVICE_PROVIDER,THESE PEOPLE PROVIDE SERVICES TO SERVICE CONSUMERS,TRUE
454,RECRUITER,THEY ARE EMPLOYEES OF GTS OR CONTRATORS WORKING FOR GTS,TRUE
455,RECRUITER,THEY ARE EMPLOYEES OF GTS OR CONTRATORS WORKING FOR GTS,TRUE
456,RECRUITER,THEY ARE EMPLOYEES OF GTS OR CONTRATORS WORKING FOR GTS,TRUE
457,SERVICE_PROVIDER,THESE PEOPLE PROVIDE SERVICES TO SERVICE CONSUMERS,TRUE
458,ADMIN,ADMINS ARE GTS EMPLOYEES. THEY HAVE CONTROL OVER OTHER USERS,TRUE
459,TRAINEE,PEOPLE WHO GOES FOR TRAINING ONLY,TRUE
460,TRAINEE,PEOPLE WHO GOES FOR TRAINING ONLY,TRUE
461,TRAINEE,PEOPLE WHO GOES FOR TRAINING ONLY,TRUE
462,EMPLOYEE,THESE ARE PEOPLE WHO ARE WORKING UNDER SOME OR OTHER COMPANIES,TRUE
463,TRAINEE,PEOPLE WHO GOES FOR TRAINING ONLY,TRUE
464,ADMIN,ADMINS ARE GTS EMPLOYEES. THEY HAVE CONTROL OVER OTHER USERS,TRUE
465,EMPLOYEE,THESE ARE PEOPLE WHO ARE WORKING UNDER SOME OR OTHER COMPANIES,TRUE
466,SERVICE_PROVIDER,THESE PEOPLE PROVIDE SERVICES TO SERVICE CONSUMERS,TRUE
467,TRAINEE,PEOPLE WHO GOES FOR TRAINING ONLY,TRUE
468,TRAINEE,PEOPLE WHO GOES FOR TRAINING ONLY,TRUE
469,SERVICE_CONSUMER,THESE PEOPLE SEEK FOR SERVICES FROM SERVICE PROVIDERS,TRUE
470,SERVICE_PROVIDER,THESE PEOPLE PROVIDE SERVICES TO SERVICE CONSUMERS,TRUE
471,SERVICE_CONSUMER,THESE PEOPLE SEEK FOR SERVICES FROM SERVICE PROVIDERS,TRUE
472,RECRUITER,THEY ARE EMPLOYEES OF GTS OR CONTRATORS WORKING FOR GTS,TRUE
473,RECRUITER,THEY ARE EMPLOYEES OF GTS OR CONTRATORS WORKING FOR GTS,TRUE
474,TRAINER,THESE PEOPLE PROVIDE TRAINING TO OTHERS,TRUE
475,TRAINER,THESE PEOPLE PROVIDE TRAINING TO OTHERS,TRUE
476,SERVICE_PROVIDER,THESE PEOPLE PROVIDE SERVICES TO SERVICE CONSUMERS,TRUE
477,ADMIN,ADMINS ARE GTS EMPLOYEES. THEY HAVE CONTROL OVER OTHER USERS,TRUE
478,SERVICE_CONSUMER,THESE PEOPLE SEEK FOR SERVICES FROM SERVICE PROVIDERS,TRUE
479,SERVICE_PROVIDER,THESE PEOPLE PROVIDE SERVICES TO SERVICE CONSUMERS,TRUE
480,TRAINER,THESE PEOPLE PROVIDE TRAINING TO OTHERS,TRUE
481,SERVICE_CONSUMER,THESE PEOPLE SEEK FOR SERVICES FROM SERVICE PROVIDERS,TRUE
482,TRAINEE,PEOPLE WHO GOES FOR TRAINING ONLY,TRUE
483,ADMIN,ADMINS ARE GTS EMPLOYEES. THEY HAVE CONTROL OVER OTHER USERS,TRUE
484,EMPLOYEE,THESE ARE PEOPLE WHO ARE WORKING UNDER SOME OR OTHER COMPANIES,TRUE
485,RECRUITER,THEY ARE EMPLOYEES OF GTS OR CONTRATORS WORKING FOR GTS,TRUE
486,EMPLOYEE,THESE ARE PEOPLE WHO ARE WORKING UNDER SOME OR OTHER COMPANIES,TRUE
487,SERVICE_CONSUMER,THESE PEOPLE SEEK FOR SERVICES FROM SERVICE PROVIDERS,TRUE
488,TRAINEE,PEOPLE WHO GOES FOR TRAINING ONLY,TRUE
489,SERVICE_CONSUMER,THESE PEOPLE SEEK FOR SERVICES FROM SERVICE PROVIDERS,TRUE
490,TRAINEE,PEOPLE WHO GOES FOR TRAINING ONLY,TRUE
491,RECRUITER,THEY ARE EMPLOYEES OF GTS OR CONTRATORS WORKING FOR GTS,TRUE
492,TRAINEE,PEOPLE WHO GOES FOR TRAINING ONLY,TRUE
493,TRAINEE,PEOPLE WHO GOES FOR TRAINING ONLY,TRUE
494,EMPLOYEE,THESE ARE PEOPLE WHO ARE WORKING UNDER SOME OR OTHER COMPANIES,TRUE
495,TRAINEE,PEOPLE WHO GOES FOR TRAINING ONLY,TRUE
496,TRAINER,THESE PEOPLE PROVIDE TRAINING TO OTHERS,TRUE
497,SERVICE_CONSUMER,THESE PEOPLE SEEK FOR SERVICES FROM SERVICE PROVIDERS,TRUE
498,SERVICE_CONSUMER,THESE PEOPLE SEEK FOR SERVICES FROM SERVICE PROVIDERS,TRUE
499,RECRUITER,THEY ARE EMPLOYEES OF GTS OR CONTRATORS WORKING FOR GTS,TRUE
500,TRAINER,THESE PEOPLE PROVIDE TRAINING TO OTHERS,TRUE
501,EMPLOYEE,THESE ARE PEOPLE WHO ARE WORKING UNDER SOME OR OTHER COMPANIES,TRUE
502,TRAINEE,PEOPLE WHO GOES FOR TRAINING ONLY,TRUE
503,ADMIN,ADMINS ARE GTS EMPLOYEES. THEY HAVE CONTROL OVER OTHER USERS,TRUE
504,TRAINEE,PEOPLE WHO GOES FOR TRAINING ONLY,TRUE
505,RECRUITER,THEY ARE EMPLOYEES OF GTS OR CONTRATORS WORKING FOR GTS,TRUE
506,RECRUITER,THEY ARE EMPLOYEES OF GTS OR CONTRATORS WORKING FOR GTS,TRUE
507,RECRUITER,THEY ARE EMPLOYEES OF GTS OR CONTRATORS WORKING FOR GTS,TRUE
508,TRAINER,THESE PEOPLE PROVIDE TRAINING TO OTHERS,TRUE
509,TRAINER,THESE PEOPLE PROVIDE TRAINING TO OTHERS,TRUE
510,TRAINER,THESE PEOPLE PROVIDE TRAINING TO OTHERS,TRUE
511,SERVICE_PROVIDER,THESE PEOPLE PROVIDE SERVICES TO SERVICE CONSUMERS,TRUE
512,ADMIN,ADMINS ARE GTS EMPLOYEES. THEY HAVE CONTROL OVER OTHER USERS,TRUE
513,RECRUITER,THEY ARE EMPLOYEES OF GTS OR CONTRATORS WORKING FOR GTS,TRUE
514,SERVICE_CONSUMER,THESE PEOPLE SEEK FOR SERVICES FROM SERVICE PROVIDERS,TRUE
515,EMPLOYEE,THESE ARE PEOPLE WHO ARE WORKING UNDER SOME OR OTHER COMPANIES,TRUE
516,ADMIN,ADMINS ARE GTS EMPLOYEES. THEY HAVE CONTROL OVER OTHER USERS,TRUE
517,RECRUITER,THEY ARE EMPLOYEES OF GTS OR CONTRATORS WORKING FOR GTS,TRUE
518,TRAINEE,PEOPLE WHO GOES FOR TRAINING ONLY,TRUE
519,SERVICE_CONSUMER,THESE PEOPLE SEEK FOR SERVICES FROM SERVICE PROVIDERS,TRUE
520,TRAINER,THESE PEOPLE PROVIDE TRAINING TO OTHERS,TRUE
521,RECRUITER,THEY ARE EMPLOYEES OF GTS OR CONTRATORS WORKING FOR GTS,TRUE
522,ADMIN,ADMINS ARE GTS EMPLOYEES. THEY HAVE CONTROL OVER OTHER USERS,TRUE
523,TRAINER,THESE PEOPLE PROVIDE TRAINING TO OTHERS,TRUE
524,ADMIN,ADMINS ARE GTS EMPLOYEES. THEY HAVE CONTROL OVER OTHER USERS,TRUE
525,EMPLOYEE,THESE ARE PEOPLE WHO ARE WORKING UNDER SOME OR OTHER COMPANIES,TRUE
526,TRAINER,THESE PEOPLE PROVIDE TRAINING TO OTHERS,TRUE
527,TRAINEE,PEOPLE WHO GOES FOR TRAINING ONLY,TRUE
528,TRAINER,THESE PEOPLE PROVIDE TRAINING TO OTHERS,TRUE
529,SERVICE_CONSUMER,THESE PEOPLE SEEK FOR SERVICES FROM SERVICE PROVIDERS,TRUE
530,SERVICE_PROVIDER,THESE PEOPLE PROVIDE SERVICES TO SERVICE CONSUMERS,TRUE
531,SERVICE_PROVIDER,THESE PEOPLE PROVIDE SERVICES TO SERVICE CONSUMERS,TRUE
532,TRAINER,THESE PEOPLE PROVIDE TRAINING TO OTHERS,TRUE
533,SERVICE_PROVIDER,THESE PEOPLE PROVIDE SERVICES TO SERVICE CONSUMERS,TRUE
534,ADMIN,ADMINS ARE GTS EMPLOYEES. THEY HAVE CONTROL OVER OTHER USERS,TRUE
535,TRAINEE,PEOPLE WHO GOES FOR TRAINING ONLY,TRUE
536,TRAINER,THESE PEOPLE PROVIDE TRAINING TO OTHERS,TRUE
537,TRAINER,THESE PEOPLE PROVIDE TRAINING TO OTHERS,TRUE
538,TRAINER,THESE PEOPLE PROVIDE TRAINING TO OTHERS,TRUE
539,TRAINER,THESE PEOPLE PROVIDE TRAINING TO OTHERS,TRUE
540,EMPLOYEE,THESE ARE PEOPLE WHO ARE WORKING UNDER SOME OR OTHER COMPANIES,TRUE
541,SERVICE_CONSUMER,THESE PEOPLE SEEK FOR SERVICES FROM SERVICE PROVIDERS,TRUE
542,EMPLOYEE,THESE ARE PEOPLE WHO ARE WORKING UNDER SOME OR OTHER COMPANIES,TRUE
543,SERVICE_PROVIDER,THESE PEOPLE PROVIDE SERVICES TO SERVICE CONSUMERS,TRUE
544,SERVICE_CONSUMER,THESE PEOPLE SEEK FOR SERVICES FROM SERVICE PROVIDERS,TRUE
545,SERVICE_CONSUMER,THESE PEOPLE SEEK FOR SERVICES FROM SERVICE PROVIDERS,TRUE
546,EMPLOYEE,THESE ARE PEOPLE WHO ARE WORKING UNDER SOME OR OTHER COMPANIES,TRUE
547,TRAINER,THESE PEOPLE PROVIDE TRAINING TO OTHERS,TRUE
548,SERVICE_PROVIDER,THESE PEOPLE PROVIDE SERVICES TO SERVICE CONSUMERS,TRUE
549,TRAINER,THESE PEOPLE PROVIDE TRAINING TO OTHERS,TRUE
550,ADMIN,ADMINS ARE GTS EMPLOYEES. THEY HAVE CONTROL OVER OTHER USERS,TRUE
551,TRAINER,THESE PEOPLE PROVIDE TRAINING TO OTHERS,TRUE
552,SERVICE_CONSUMER,THESE PEOPLE SEEK FOR SERVICES FROM SERVICE PROVIDERS,TRUE
553,TRAINER,THESE PEOPLE PROVIDE TRAINING TO OTHERS,TRUE
554,TRAINER,THESE PEOPLE PROVIDE TRAINING TO OTHERS,TRUE
555,TRAINEE,PEOPLE WHO GOES FOR TRAINING ONLY,TRUE
556,RECRUITER,THEY ARE EMPLOYEES OF GTS OR CONTRATORS WORKING FOR GTS,TRUE
557,SERVICE_PROVIDER,THESE PEOPLE PROVIDE SERVICES TO SERVICE CONSUMERS,TRUE
558,TRAINEE,PEOPLE WHO GOES FOR TRAINING ONLY,TRUE
559,RECRUITER,THEY ARE EMPLOYEES OF GTS OR CONTRATORS WORKING FOR GTS,TRUE
560,ADMIN,ADMINS ARE GTS EMPLOYEES. THEY HAVE CONTROL OVER OTHER USERS,TRUE
561,TRAINEE,PEOPLE WHO GOES FOR TRAINING ONLY,TRUE
562,ADMIN,ADMINS ARE GTS EMPLOYEES. THEY HAVE CONTROL OVER OTHER USERS,TRUE
563,SERVICE_CONSUMER,THESE PEOPLE SEEK FOR SERVICES FROM SERVICE PROVIDERS,TRUE
564,TRAINER,THESE PEOPLE PROVIDE TRAINING TO OTHERS,TRUE
565,EMPLOYEE,THESE ARE PEOPLE WHO ARE WORKING UNDER SOME OR OTHER COMPANIES,TRUE
566,TRAINER,THESE PEOPLE PROVIDE TRAINING TO OTHERS,TRUE
567,RECRUITER,THEY ARE EMPLOYEES OF GTS OR CONTRATORS WORKING FOR GTS,TRUE
568,ADMIN,ADMINS ARE GTS EMPLOYEES. THEY HAVE CONTROL OVER OTHER USERS,TRUE
569,TRAINER,THESE PEOPLE PROVIDE TRAINING TO OTHERS,TRUE
570,SERVICE_CONSUMER,THESE PEOPLE SEEK FOR SERVICES FROM SERVICE PROVIDERS,TRUE
571,ADMIN,ADMINS ARE GTS EMPLOYEES. THEY HAVE CONTROL OVER OTHER USERS,TRUE
572,RECRUITER,THEY ARE EMPLOYEES OF GTS OR CONTRATORS WORKING FOR GTS,TRUE
573,RECRUITER,THEY ARE EMPLOYEES OF GTS OR CONTRATORS WORKING FOR GTS,TRUE
574,EMPLOYEE,THESE ARE PEOPLE WHO ARE WORKING UNDER SOME OR OTHER COMPANIES,TRUE
575,TRAINER,THESE PEOPLE PROVIDE TRAINING TO OTHERS,TRUE
576,SERVICE_PROVIDER,THESE PEOPLE PROVIDE SERVICES TO SERVICE CONSUMERS,TRUE
577,SERVICE_CONSUMER,THESE PEOPLE SEEK FOR SERVICES FROM SERVICE PROVIDERS,TRUE
578,TRAINER,THESE PEOPLE PROVIDE TRAINING TO OTHERS,TRUE
579,TRAINEE,PEOPLE WHO GOES FOR TRAINING ONLY,TRUE
580,ADMIN,ADMINS ARE GTS EMPLOYEES. THEY HAVE CONTROL OVER OTHER USERS,TRUE
581,TRAINER,THESE PEOPLE PROVIDE TRAINING TO OTHERS,TRUE
582,SERVICE_CONSUMER,THESE PEOPLE SEEK FOR SERVICES FROM SERVICE PROVIDERS,TRUE
583,ADMIN,ADMINS ARE GTS EMPLOYEES. THEY HAVE CONTROL OVER OTHER USERS,TRUE
584,TRAINER,THESE PEOPLE PROVIDE TRAINING TO OTHERS,TRUE
585,SERVICE_CONSUMER,THESE PEOPLE SEEK FOR SERVICES FROM SERVICE PROVIDERS,TRUE
586,RECRUITER,THEY ARE EMPLOYEES OF GTS OR CONTRATORS WORKING FOR GTS,TRUE
587,ADMIN,ADMINS ARE GTS EMPLOYEES. THEY HAVE CONTROL OVER OTHER USERS,TRUE
588,TRAINEE,PEOPLE WHO GOES FOR TRAINING ONLY,TRUE
589,RECRUITER,THEY ARE EMPLOYEES OF GTS OR CONTRATORS WORKING FOR GTS,TRUE
590,TRAINEE,PEOPLE WHO GOES FOR TRAINING ONLY,TRUE
591,ADMIN,ADMINS ARE GTS EMPLOYEES. THEY HAVE CONTROL OVER OTHER USERS,TRUE
592,SERVICE_PROVIDER,THESE PEOPLE PROVIDE SERVICES TO SERVICE CONSUMERS,TRUE
593,SERVICE_PROVIDER,THESE PEOPLE PROVIDE SERVICES TO SERVICE CONSUMERS,TRUE
594,EMPLOYEE,THESE ARE PEOPLE WHO ARE WORKING UNDER SOME OR OTHER COMPANIES,TRUE
595,EMPLOYEE,THESE ARE PEOPLE WHO ARE WORKING UNDER SOME OR OTHER COMPANIES,TRUE
596,TRAINER,THESE PEOPLE PROVIDE TRAINING TO OTHERS,TRUE
597,EMPLOYEE,THESE ARE PEOPLE WHO ARE WORKING UNDER SOME OR OTHER COMPANIES,TRUE
598,SERVICE_PROVIDER,THESE PEOPLE PROVIDE SERVICES TO SERVICE CONSUMERS,TRUE
599,ADMIN,ADMINS ARE GTS EMPLOYEES. THEY HAVE CONTROL OVER OTHER USERS,TRUE
600,EMPLOYEE,THESE ARE PEOPLE WHO ARE WORKING UNDER SOME OR OTHER COMPANIES,TRUE
601,EMPLOYEE,THESE ARE PEOPLE WHO ARE WORKING UNDER SOME OR OTHER COMPANIES,TRUE
602,RECRUITER,THEY ARE EMPLOYEES OF GTS OR CONTRATORS WORKING FOR GTS,TRUE
603,RECRUITER,THEY ARE EMPLOYEES OF GTS OR CONTRATORS WORKING FOR GTS,TRUE
604,EMPLOYEE,THESE ARE PEOPLE WHO ARE WORKING UNDER SOME OR OTHER COMPANIES,TRUE
605,ADMIN,ADMINS ARE GTS EMPLOYEES. THEY HAVE CONTROL OVER OTHER USERS,TRUE
606,TRAINER,THESE PEOPLE PROVIDE TRAINING TO OTHERS,TRUE
607,TRAINER,THESE PEOPLE PROVIDE TRAINING TO OTHERS,TRUE
608,TRAINEE,PEOPLE WHO GOES FOR TRAINING ONLY,TRUE
609,SERVICE_PROVIDER,THESE PEOPLE PROVIDE SERVICES TO SERVICE CONSUMERS,TRUE
610,ADMIN,ADMINS ARE GTS EMPLOYEES. THEY HAVE CONTROL OVER OTHER USERS,TRUE
611,RECRUITER,THEY ARE EMPLOYEES OF GTS OR CONTRATORS WORKING FOR GTS,TRUE
612,TRAINEE,PEOPLE WHO GOES FOR TRAINING ONLY,TRUE
613,EMPLOYEE,THESE ARE PEOPLE WHO ARE WORKING UNDER SOME OR OTHER COMPANIES,TRUE
614,EMPLOYEE,THESE ARE PEOPLE WHO ARE WORKING UNDER SOME OR OTHER COMPANIES,TRUE
615,SERVICE_PROVIDER,THESE PEOPLE PROVIDE SERVICES TO SERVICE CONSUMERS,TRUE
616,SERVICE_CONSUMER,THESE PEOPLE SEEK FOR SERVICES FROM SERVICE PROVIDERS,TRUE
617,SERVICE_CONSUMER,THESE PEOPLE SEEK FOR SERVICES FROM SERVICE PROVIDERS,TRUE
618,TRAINEE,PEOPLE WHO GOES FOR TRAINING ONLY,TRUE
619,TRAINER,THESE PEOPLE PROVIDE TRAINING TO OTHERS,TRUE
620,ADMIN,ADMINS ARE GTS EMPLOYEES. THEY HAVE CONTROL OVER OTHER USERS,TRUE
621,SERVICE_PROVIDER,THESE PEOPLE PROVIDE SERVICES TO SERVICE CONSUMERS,TRUE
622,RECRUITER,THEY ARE EMPLOYEES OF GTS OR CONTRATORS WORKING FOR GTS,TRUE
623,RECRUITER,THEY ARE EMPLOYEES OF GTS OR CONTRATORS WORKING FOR GTS,TRUE
624,TRAINEE,PEOPLE WHO GOES FOR TRAINING ONLY,TRUE
625,SERVICE_CONSUMER,THESE PEOPLE SEEK FOR SERVICES FROM SERVICE PROVIDERS,TRUE
626,SERVICE_PROVIDER,THESE PEOPLE PROVIDE SERVICES TO SERVICE CONSUMERS,TRUE
627,SERVICE_PROVIDER,THESE PEOPLE PROVIDE SERVICES TO SERVICE CONSUMERS,TRUE
628,TRAINEE,PEOPLE WHO GOES FOR TRAINING ONLY,TRUE
629,TRAINEE,PEOPLE WHO GOES FOR TRAINING ONLY,TRUE
630,SERVICE_CONSUMER,THESE PEOPLE SEEK FOR SERVICES FROM SERVICE PROVIDERS,TRUE
631,TRAINEE,PEOPLE WHO GOES FOR TRAINING ONLY,TRUE
632,SERVICE_PROVIDER,THESE PEOPLE PROVIDE SERVICES TO SERVICE CONSUMERS,TRUE
633,TRAINEE,PEOPLE WHO GOES FOR TRAINING ONLY,TRUE
634,SERVICE_CONSUMER,THESE PEOPLE SEEK FOR SERVICES FROM SERVICE PROVIDERS,TRUE
635,RECRUITER,THEY ARE EMPLOYEES OF GTS OR CONTRATORS WORKING FOR GTS,TRUE
636,TRAINER,THESE PEOPLE PROVIDE TRAINING TO OTHERS,TRUE
637,EMPLOYEE,THESE ARE PEOPLE WHO ARE WORKING UNDER SOME OR OTHER COMPANIES,TRUE
638,TRAINER,THESE PEOPLE PROVIDE TRAINING TO OTHERS,TRUE
639,TRAINEE,PEOPLE WHO GOES FOR TRAINING ONLY,TRUE
640,SERVICE_CONSUMER,THESE PEOPLE SEEK FOR SERVICES FROM SERVICE PROVIDERS,TRUE
641,TRAINEE,PEOPLE WHO GOES FOR TRAINING ONLY,TRUE
642,TRAINEE,PEOPLE WHO GOES FOR TRAINING ONLY,TRUE
643,EMPLOYEE,THESE ARE PEOPLE WHO ARE WORKING UNDER SOME OR OTHER COMPANIES,TRUE
644,TRAINER,THESE PEOPLE PROVIDE TRAINING TO OTHERS,TRUE
645,SERVICE_CONSUMER,THESE PEOPLE SEEK FOR SERVICES FROM SERVICE PROVIDERS,TRUE
646,TRAINEE,PEOPLE WHO GOES FOR TRAINING ONLY,TRUE
647,TRAINER,THESE PEOPLE PROVIDE TRAINING TO OTHERS,TRUE
648,EMPLOYEE,THESE ARE PEOPLE WHO ARE WORKING UNDER SOME OR OTHER COMPANIES,TRUE
649,TRAINER,THESE PEOPLE PROVIDE TRAINING TO OTHERS,TRUE
650,EMPLOYEE,THESE ARE PEOPLE WHO ARE WORKING UNDER SOME OR OTHER COMPANIES,TRUE
651,SERVICE_CONSUMER,THESE PEOPLE SEEK FOR SERVICES FROM SERVICE PROVIDERS,TRUE
652,SERVICE_CONSUMER,THESE PEOPLE SEEK FOR SERVICES FROM SERVICE PROVIDERS,TRUE
653,EMPLOYEE,THESE ARE PEOPLE WHO ARE WORKING UNDER SOME OR OTHER COMPANIES,TRUE
654,TRAINER,THESE PEOPLE PROVIDE TRAINING TO OTHERS,TRUE
655,EMPLOYEE,THESE ARE PEOPLE WHO ARE WORKING UNDER SOME OR OTHER COMPANIES,TRUE
656,TRAINEE,PEOPLE WHO GOES FOR TRAINING ONLY,TRUE
657,ADMIN,ADMINS ARE GTS EMPLOYEES. THEY HAVE CONTROL OVER OTHER USERS,TRUE
658,EMPLOYEE,THESE ARE PEOPLE WHO ARE WORKING UNDER SOME OR OTHER COMPANIES,TRUE
659,SERVICE_PROVIDER,THESE PEOPLE PROVIDE SERVICES TO SERVICE CONSUMERS,TRUE
660,EMPLOYEE,THESE ARE PEOPLE WHO ARE WORKING UNDER SOME OR OTHER COMPANIES,TRUE
661,ADMIN,ADMINS ARE GTS EMPLOYEES. THEY HAVE CONTROL OVER OTHER USERS,TRUE
662,ADMIN,ADMINS ARE GTS EMPLOYEES. THEY HAVE CONTROL OVER OTHER USERS,TRUE
663,SERVICE_PROVIDER,THESE PEOPLE PROVIDE SERVICES TO SERVICE CONSUMERS,TRUE
664,SERVICE_CONSUMER,THESE PEOPLE SEEK FOR SERVICES FROM SERVICE PROVIDERS,TRUE
665,TRAINEE,PEOPLE WHO GOES FOR TRAINING ONLY,TRUE
666,TRAINEE,PEOPLE WHO GOES FOR TRAINING ONLY,TRUE
667,TRAINEE,PEOPLE WHO GOES FOR TRAINING ONLY,TRUE
668,ADMIN,ADMINS ARE GTS EMPLOYEES. THEY HAVE CONTROL OVER OTHER USERS,TRUE
669,SERVICE_CONSUMER,THESE PEOPLE SEEK FOR SERVICES FROM SERVICE PROVIDERS,TRUE
670,TRAINER,THESE PEOPLE PROVIDE TRAINING TO OTHERS,TRUE
671,EMPLOYEE,THESE ARE PEOPLE WHO ARE WORKING UNDER SOME OR OTHER COMPANIES,TRUE
672,SERVICE_CONSUMER,THESE PEOPLE SEEK FOR SERVICES FROM SERVICE PROVIDERS,TRUE
673,TRAINER,THESE PEOPLE PROVIDE TRAINING TO OTHERS,TRUE
674,RECRUITER,THEY ARE EMPLOYEES OF GTS OR CONTRATORS WORKING FOR GTS,TRUE
675,ADMIN,ADMINS ARE GTS EMPLOYEES. THEY HAVE CONTROL OVER OTHER USERS,TRUE
676,RECRUITER,THEY ARE EMPLOYEES OF GTS OR CONTRATORS WORKING FOR GTS,TRUE
677,TRAINEE,PEOPLE WHO GOES FOR TRAINING ONLY,TRUE
678,SERVICE_CONSUMER,THESE PEOPLE SEEK FOR SERVICES FROM SERVICE PROVIDERS,TRUE
679,RECRUITER,THEY ARE EMPLOYEES OF GTS OR CONTRATORS WORKING FOR GTS,TRUE
680,SERVICE_CONSUMER,THESE PEOPLE SEEK FOR SERVICES FROM SERVICE PROVIDERS,TRUE
681,ADMIN,ADMINS ARE GTS EMPLOYEES. THEY HAVE CONTROL OVER OTHER USERS,TRUE
682,SERVICE_CONSUMER,THESE PEOPLE SEEK FOR SERVICES FROM SERVICE PROVIDERS,TRUE
683,SERVICE_CONSUMER,THESE PEOPLE SEEK FOR SERVICES FROM SERVICE PROVIDERS,TRUE
684,SERVICE_CONSUMER,THESE PEOPLE SEEK FOR SERVICES FROM SERVICE PROVIDERS,TRUE
685,RECRUITER,THEY ARE EMPLOYEES OF GTS OR CONTRATORS WORKING FOR GTS,TRUE
686,RECRUITER,THEY ARE EMPLOYEES OF GTS OR CONTRATORS WORKING FOR GTS,TRUE
687,SERVICE_PROVIDER,THESE PEOPLE PROVIDE SERVICES TO SERVICE CONSUMERS,TRUE
688,ADMIN,ADMINS ARE GTS EMPLOYEES. THEY HAVE CONTROL OVER OTHER USERS,TRUE
689,SERVICE_CONSUMER,THESE PEOPLE SEEK FOR SERVICES FROM SERVICE PROVIDERS,TRUE
690,TRAINER,THESE PEOPLE PROVIDE TRAINING TO OTHERS,TRUE
691,TRAINER,THESE PEOPLE PROVIDE TRAINING TO OTHERS,TRUE
692,ADMIN,ADMINS ARE GTS EMPLOYEES. THEY HAVE CONTROL OVER OTHER USERS,TRUE
693,SERVICE_PROVIDER,THESE PEOPLE PROVIDE SERVICES TO SERVICE CONSUMERS,TRUE
694,EMPLOYEE,THESE ARE PEOPLE WHO ARE WORKING UNDER SOME OR OTHER COMPANIES,TRUE
695,ADMIN,ADMINS ARE GTS EMPLOYEES. THEY HAVE CONTROL OVER OTHER USERS,TRUE
696,TRAINER,THESE PEOPLE PROVIDE TRAINING TO OTHERS,TRUE
697,EMPLOYEE,THESE ARE PEOPLE WHO ARE WORKING UNDER SOME OR OTHER COMPANIES,TRUE
698,TRAINEE,PEOPLE WHO GOES FOR TRAINING ONLY,TRUE
699,TRAINEE,PEOPLE WHO GOES FOR TRAINING ONLY,TRUE
700,ADMIN,ADMINS ARE GTS EMPLOYEES. THEY HAVE CONTROL OVER OTHER USERS,TRUE
701,SERVICE_PROVIDER,THESE PEOPLE PROVIDE SERVICES TO SERVICE CONSUMERS,TRUE
702,TRAINER,THESE PEOPLE PROVIDE TRAINING TO OTHERS,TRUE
703,TRAINER,THESE PEOPLE PROVIDE TRAINING TO OTHERS,TRUE
704,TRAINER,THESE PEOPLE PROVIDE TRAINING TO OTHERS,TRUE
705,RECRUITER,THEY ARE EMPLOYEES OF GTS OR CONTRATORS WORKING FOR GTS,TRUE
706,SERVICE_PROVIDER,THESE PEOPLE PROVIDE SERVICES TO SERVICE CONSUMERS,TRUE
707,TRAINER,THESE PEOPLE PROVIDE TRAINING TO OTHERS,TRUE
708,SERVICE_CONSUMER,THESE PEOPLE SEEK FOR SERVICES FROM SERVICE PROVIDERS,TRUE
709,EMPLOYEE,THESE ARE PEOPLE WHO ARE WORKING UNDER SOME OR OTHER COMPANIES,TRUE
710,EMPLOYEE,THESE ARE PEOPLE WHO ARE WORKING UNDER SOME OR OTHER COMPANIES,TRUE
711,RECRUITER,THEY ARE EMPLOYEES OF GTS OR CONTRATORS WORKING FOR GTS,TRUE
712,TRAINER,THESE PEOPLE PROVIDE TRAINING TO OTHERS,TRUE
713,RECRUITER,THEY ARE EMPLOYEES OF GTS OR CONTRATORS WORKING FOR GTS,TRUE
714,EMPLOYEE,THESE ARE PEOPLE WHO ARE WORKING UNDER SOME OR OTHER COMPANIES,TRUE
715,SERVICE_CONSUMER,THESE PEOPLE SEEK FOR SERVICES FROM SERVICE PROVIDERS,TRUE
716,SERVICE_CONSUMER,THESE PEOPLE SEEK FOR SERVICES FROM SERVICE PROVIDERS,TRUE
717,RECRUITER,THEY ARE EMPLOYEES OF GTS OR CONTRATORS WORKING FOR GTS,TRUE
718,SERVICE_PROVIDER,THESE PEOPLE PROVIDE SERVICES TO SERVICE CONSUMERS,TRUE
719,EMPLOYEE,THESE ARE PEOPLE WHO ARE WORKING UNDER SOME OR OTHER COMPANIES,TRUE
720,ADMIN,ADMINS ARE GTS EMPLOYEES. THEY HAVE CONTROL OVER OTHER USERS,TRUE
721,SERVICE_PROVIDER,THESE PEOPLE PROVIDE SERVICES TO SERVICE CONSUMERS,TRUE
722,EMPLOYEE,THESE ARE PEOPLE WHO ARE WORKING UNDER SOME OR OTHER COMPANIES,TRUE
723,TRAINER,THESE PEOPLE PROVIDE TRAINING TO OTHERS,TRUE
724,TRAINER,THESE PEOPLE PROVIDE TRAINING TO OTHERS,TRUE
725,RECRUITER,THEY ARE EMPLOYEES OF GTS OR CONTRATORS WORKING FOR GTS,TRUE
726,SERVICE_CONSUMER,THESE PEOPLE SEEK FOR SERVICES FROM SERVICE PROVIDERS,TRUE
727,EMPLOYEE,THESE ARE PEOPLE WHO ARE WORKING UNDER SOME OR OTHER COMPANIES,TRUE
728,SERVICE_PROVIDER,THESE PEOPLE PROVIDE SERVICES TO SERVICE CONSUMERS,TRUE
729,ADMIN,ADMINS ARE GTS EMPLOYEES. THEY HAVE CONTROL OVER OTHER USERS,TRUE
730,RECRUITER,THEY ARE EMPLOYEES OF GTS OR CONTRATORS WORKING FOR GTS,TRUE
731,RECRUITER,THEY ARE EMPLOYEES OF GTS OR CONTRATORS WORKING FOR GTS,TRUE
732,SERVICE_CONSUMER,THESE PEOPLE SEEK FOR SERVICES FROM SERVICE PROVIDERS,TRUE
733,SERVICE_PROVIDER,THESE PEOPLE PROVIDE SERVICES TO SERVICE CONSUMERS,TRUE
734,TRAINER,THESE PEOPLE PROVIDE TRAINING TO OTHERS,TRUE
735,RECRUITER,THEY ARE EMPLOYEES OF GTS OR CONTRATORS WORKING FOR GTS,TRUE
736,SERVICE_PROVIDER,THESE PEOPLE PROVIDE SERVICES TO SERVICE CONSUMERS,TRUE
737,SERVICE_CONSUMER,THESE PEOPLE SEEK FOR SERVICES FROM SERVICE PROVIDERS,TRUE
738,RECRUITER,THEY ARE EMPLOYEES OF GTS OR CONTRATORS WORKING FOR GTS,TRUE
739,EMPLOYEE,THESE ARE PEOPLE WHO ARE WORKING UNDER SOME OR OTHER COMPANIES,TRUE
740,TRAINER,THESE PEOPLE PROVIDE TRAINING TO OTHERS,TRUE
741,EMPLOYEE,THESE ARE PEOPLE WHO ARE WORKING UNDER SOME OR OTHER COMPANIES,TRUE
742,EMPLOYEE,THESE ARE PEOPLE WHO ARE WORKING UNDER SOME OR OTHER COMPANIES,TRUE
743,EMPLOYEE,THESE ARE PEOPLE WHO ARE WORKING UNDER SOME OR OTHER COMPANIES,TRUE
744,SERVICE_CONSUMER,THESE PEOPLE SEEK FOR SERVICES FROM SERVICE PROVIDERS,TRUE
745,TRAINEE,PEOPLE WHO GOES FOR TRAINING ONLY,TRUE
746,ADMIN,ADMINS ARE GTS EMPLOYEES. THEY HAVE CONTROL OVER OTHER USERS,TRUE
747,EMPLOYEE,THESE ARE PEOPLE WHO ARE WORKING UNDER SOME OR OTHER COMPANIES,TRUE
748,TRAINER,THESE PEOPLE PROVIDE TRAINING TO OTHERS,TRUE
749,TRAINEE,PEOPLE WHO GOES FOR TRAINING ONLY,TRUE
750,SERVICE_CONSUMER,THESE PEOPLE SEEK FOR SERVICES FROM SERVICE PROVIDERS,TRUE
751,ADMIN,ADMINS ARE GTS EMPLOYEES. THEY HAVE CONTROL OVER OTHER USERS,TRUE
752,SERVICE_CONSUMER,THESE PEOPLE SEEK FOR SERVICES FROM SERVICE PROVIDERS,TRUE
753,SERVICE_CONSUMER,THESE PEOPLE SEEK FOR SERVICES FROM SERVICE PROVIDERS,TRUE
754,SERVICE_CONSUMER,THESE PEOPLE SEEK FOR SERVICES FROM SERVICE PROVIDERS,TRUE
755,SERVICE_PROVIDER,THESE PEOPLE PROVIDE SERVICES TO SERVICE CONSUMERS,TRUE
756,TRAINER,THESE PEOPLE PROVIDE TRAINING TO OTHERS,TRUE
757,SERVICE_PROVIDER,THESE PEOPLE PROVIDE SERVICES TO SERVICE CONSUMERS,TRUE
758,SERVICE_PROVIDER,THESE PEOPLE PROVIDE SERVICES TO SERVICE CONSUMERS,TRUE
759,TRAINEE,PEOPLE WHO GOES FOR TRAINING ONLY,TRUE
760,SERVICE_PROVIDER,THESE PEOPLE PROVIDE SERVICES TO SERVICE CONSUMERS,TRUE
761,EMPLOYEE,THESE ARE PEOPLE WHO ARE WORKING UNDER SOME OR OTHER COMPANIES,TRUE
762,RECRUITER,THEY ARE EMPLOYEES OF GTS OR CONTRATORS WORKING FOR GTS,TRUE
763,SERVICE_CONSUMER,THESE PEOPLE SEEK FOR SERVICES FROM SERVICE PROVIDERS,TRUE
764,TRAINER,THESE PEOPLE PROVIDE TRAINING TO OTHERS,TRUE
765,ADMIN,ADMINS ARE GTS EMPLOYEES. THEY HAVE CONTROL OVER OTHER USERS,TRUE
766,ADMIN,ADMINS ARE GTS EMPLOYEES. THEY HAVE CONTROL OVER OTHER USERS,TRUE
767,EMPLOYEE,THESE ARE PEOPLE WHO ARE WORKING UNDER SOME OR OTHER COMPANIES,TRUE
768,ADMIN,ADMINS ARE GTS EMPLOYEES. THEY HAVE CONTROL OVER OTHER USERS,TRUE
769,SERVICE_CONSUMER,THESE PEOPLE SEEK FOR SERVICES FROM SERVICE PROVIDERS,TRUE
770,EMPLOYEE,THESE ARE PEOPLE WHO ARE WORKING UNDER SOME OR OTHER COMPANIES,TRUE
771,ADMIN,ADMINS ARE GTS EMPLOYEES. THEY HAVE CONTROL OVER OTHER USERS,TRUE
772,TRAINEE,PEOPLE WHO GOES FOR TRAINING ONLY,TRUE
773,TRAINEE,PEOPLE WHO GOES FOR TRAINING ONLY,TRUE
774,EMPLOYEE,THESE ARE PEOPLE WHO ARE WORKING UNDER SOME OR OTHER COMPANIES,TRUE
775,SERVICE_CONSUMER,THESE PEOPLE SEEK FOR SERVICES FROM SERVICE PROVIDERS,TRUE
776,SERVICE_CONSUMER,THESE PEOPLE SEEK FOR SERVICES FROM SERVICE PROVIDERS,TRUE
777,EMPLOYEE,THESE ARE PEOPLE WHO ARE WORKING UNDER SOME OR OTHER COMPANIES,TRUE
778,TRAINEE,PEOPLE WHO GOES FOR TRAINING ONLY,TRUE
779,SERVICE_PROVIDER,THESE PEOPLE PROVIDE SERVICES TO SERVICE CONSUMERS,TRUE
780,EMPLOYEE,THESE ARE PEOPLE WHO ARE WORKING UNDER SOME OR OTHER COMPANIES,TRUE
781,SERVICE_PROVIDER,THESE PEOPLE PROVIDE SERVICES TO SERVICE CONSUMERS,TRUE
782,SERVICE_PROVIDER,THESE PEOPLE PROVIDE SERVICES TO SERVICE CONSUMERS,TRUE
783,ADMIN,ADMINS ARE GTS EMPLOYEES. THEY HAVE CONTROL OVER OTHER USERS,TRUE
784,ADMIN,ADMINS ARE GTS EMPLOYEES. THEY HAVE CONTROL OVER OTHER USERS,TRUE
785,SERVICE_PROVIDER,THESE PEOPLE PROVIDE SERVICES TO SERVICE CONSUMERS,TRUE
786,ADMIN,ADMINS ARE GTS EMPLOYEES. THEY HAVE CONTROL OVER OTHER USERS,TRUE
787,SERVICE_PROVIDER,THESE PEOPLE PROVIDE SERVICES TO SERVICE CONSUMERS,TRUE
788,ADMIN,ADMINS ARE GTS EMPLOYEES. THEY HAVE CONTROL OVER OTHER USERS,TRUE
789,TRAINEE,PEOPLE WHO GOES FOR TRAINING ONLY,TRUE
790,SERVICE_PROVIDER,THESE PEOPLE PROVIDE SERVICES TO SERVICE CONSUMERS,TRUE
791,SERVICE_CONSUMER,THESE PEOPLE SEEK FOR SERVICES FROM SERVICE PROVIDERS,TRUE
792,ADMIN,ADMINS ARE GTS EMPLOYEES. THEY HAVE CONTROL OVER OTHER USERS,TRUE
793,SERVICE_CONSUMER,THESE PEOPLE SEEK FOR SERVICES FROM SERVICE PROVIDERS,TRUE
794,ADMIN,ADMINS ARE GTS EMPLOYEES. THEY HAVE CONTROL OVER OTHER USERS,TRUE
795,ADMIN,ADMINS ARE GTS EMPLOYEES. THEY HAVE CONTROL OVER OTHER USERS,TRUE
796,SERVICE_PROVIDER,THESE PEOPLE PROVIDE SERVICES TO SERVICE CONSUMERS,TRUE
797,TRAINEE,PEOPLE WHO GOES FOR TRAINING ONLY,TRUE
798,EMPLOYEE,THESE ARE PEOPLE WHO ARE WORKING UNDER SOME OR OTHER COMPANIES,TRUE
799,TRAINER,THESE PEOPLE PROVIDE TRAINING TO OTHERS,TRUE
800,SERVICE_PROVIDER,THESE PEOPLE PROVIDE SERVICES TO SERVICE CONSUMERS,TRUE
801,TRAINER,THESE PEOPLE PROVIDE TRAINING TO OTHERS,TRUE
802,TRAINEE,PEOPLE WHO GOES FOR TRAINING ONLY,TRUE
803,TRAINEE,PEOPLE WHO GOES FOR TRAINING ONLY,TRUE
804,EMPLOYEE,THESE ARE PEOPLE WHO ARE WORKING UNDER SOME OR OTHER COMPANIES,TRUE
805,SERVICE_PROVIDER,THESE PEOPLE PROVIDE SERVICES TO SERVICE CONSUMERS,TRUE
806,SERVICE_PROVIDER,THESE PEOPLE PROVIDE SERVICES TO SERVICE CONSUMERS,TRUE
807,SERVICE_CONSUMER,THESE PEOPLE SEEK FOR SERVICES FROM SERVICE PROVIDERS,TRUE
808,TRAINER,THESE PEOPLE PROVIDE TRAINING TO OTHERS,TRUE
809,SERVICE_PROVIDER,THESE PEOPLE PROVIDE SERVICES TO SERVICE CONSUMERS,TRUE
810,SERVICE_CONSUMER,THESE PEOPLE SEEK FOR SERVICES FROM SERVICE PROVIDERS,TRUE
811,TRAINER,THESE PEOPLE PROVIDE TRAINING TO OTHERS,TRUE
812,SERVICE_PROVIDER,THESE PEOPLE PROVIDE SERVICES TO SERVICE CONSUMERS,TRUE
813,RECRUITER,THEY ARE EMPLOYEES OF GTS OR CONTRATORS WORKING FOR GTS,TRUE
814,ADMIN,ADMINS ARE GTS EMPLOYEES. THEY HAVE CONTROL OVER OTHER USERS,TRUE
815,TRAINER,THESE PEOPLE PROVIDE TRAINING TO OTHERS,TRUE
816,SERVICE_PROVIDER,THESE PEOPLE PROVIDE SERVICES TO SERVICE CONSUMERS,TRUE
817,SERVICE_CONSUMER,THESE PEOPLE SEEK FOR SERVICES FROM SERVICE PROVIDERS,TRUE
818,TRAINEE,PEOPLE WHO GOES FOR TRAINING ONLY,TRUE
819,TRAINEE,PEOPLE WHO GOES FOR TRAINING ONLY,TRUE
820,TRAINER,THESE PEOPLE PROVIDE TRAINING TO OTHERS,TRUE
821,TRAINEE,PEOPLE WHO GOES FOR TRAINING ONLY,TRUE
822,EMPLOYEE,THESE ARE PEOPLE WHO ARE WORKING UNDER SOME OR OTHER COMPANIES,TRUE
823,TRAINER,THESE PEOPLE PROVIDE TRAINING TO OTHERS,TRUE
824,SERVICE_PROVIDER,THESE PEOPLE PROVIDE SERVICES TO SERVICE CONSUMERS,TRUE
825,SERVICE_PROVIDER,THESE PEOPLE PROVIDE SERVICES TO SERVICE CONSUMERS,TRUE
826,TRAINEE,PEOPLE WHO GOES FOR TRAINING ONLY,TRUE
827,TRAINEE,PEOPLE WHO GOES FOR TRAINING ONLY,TRUE
828,SERVICE_CONSUMER,THESE PEOPLE SEEK FOR SERVICES FROM SERVICE PROVIDERS,TRUE
829,TRAINEE,PEOPLE WHO GOES FOR TRAINING ONLY,TRUE
830,SERVICE_CONSUMER,THESE PEOPLE SEEK FOR SERVICES FROM SERVICE PROVIDERS,TRUE
831,RECRUITER,THEY ARE EMPLOYEES OF GTS OR CONTRATORS WORKING FOR GTS,TRUE
832,TRAINER,THESE PEOPLE PROVIDE TRAINING TO OTHERS,TRUE
833,TRAINER,THESE PEOPLE PROVIDE TRAINING TO OTHERS,TRUE
834,TRAINER,THESE PEOPLE PROVIDE TRAINING TO OTHERS,TRUE
835,TRAINEE,PEOPLE WHO GOES FOR TRAINING ONLY,TRUE
836,SERVICE_PROVIDER,THESE PEOPLE PROVIDE SERVICES TO SERVICE CONSUMERS,TRUE
837,RECRUITER,THEY ARE EMPLOYEES OF GTS OR CONTRATORS WORKING FOR GTS,TRUE
838,TRAINER,THESE PEOPLE PROVIDE TRAINING TO OTHERS,TRUE
839,TRAINER,THESE PEOPLE PROVIDE TRAINING TO OTHERS,TRUE
840,TRAINEE,PEOPLE WHO GOES FOR TRAINING ONLY,TRUE
841,TRAINER,THESE PEOPLE PROVIDE TRAINING TO OTHERS,TRUE
842,ADMIN,ADMINS ARE GTS EMPLOYEES. THEY HAVE CONTROL OVER OTHER USERS,TRUE
843,SERVICE_PROVIDER,THESE PEOPLE PROVIDE SERVICES TO SERVICE CONSUMERS,TRUE
844,RECRUITER,THEY ARE EMPLOYEES OF GTS OR CONTRATORS WORKING FOR GTS,TRUE
845,ADMIN,ADMINS ARE GTS EMPLOYEES. THEY HAVE CONTROL OVER OTHER USERS,TRUE
846,RECRUITER,THEY ARE EMPLOYEES OF GTS OR CONTRATORS WORKING FOR GTS,TRUE
847,RECRUITER,THEY ARE EMPLOYEES OF GTS OR CONTRATORS WORKING FOR GTS,TRUE
848,SERVICE_PROVIDER,THESE PEOPLE PROVIDE SERVICES TO SERVICE CONSUMERS,TRUE
849,SERVICE_CONSUMER,THESE PEOPLE SEEK FOR SERVICES FROM SERVICE PROVIDERS,TRUE
850,EMPLOYEE,THESE ARE PEOPLE WHO ARE WORKING UNDER SOME OR OTHER COMPANIES,TRUE
851,TRAINEE,PEOPLE WHO GOES FOR TRAINING ONLY,TRUE
852,SERVICE_CONSUMER,THESE PEOPLE SEEK FOR SERVICES FROM SERVICE PROVIDERS,TRUE
853,TRAINER,THESE PEOPLE PROVIDE TRAINING TO OTHERS,TRUE
854,SERVICE_PROVIDER,THESE PEOPLE PROVIDE SERVICES TO SERVICE CONSUMERS,TRUE
855,EMPLOYEE,THESE ARE PEOPLE WHO ARE WORKING UNDER SOME OR OTHER COMPANIES,TRUE
856,SERVICE_PROVIDER,THESE PEOPLE PROVIDE SERVICES TO SERVICE CONSUMERS,TRUE
857,ADMIN,ADMINS ARE GTS EMPLOYEES. THEY HAVE CONTROL OVER OTHER USERS,TRUE
858,TRAINEE,PEOPLE WHO GOES FOR TRAINING ONLY,TRUE
859,SERVICE_PROVIDER,THESE PEOPLE PROVIDE SERVICES TO SERVICE CONSUMERS,TRUE
860,SERVICE_PROVIDER,THESE PEOPLE PROVIDE SERVICES TO SERVICE CONSUMERS,TRUE
861,SERVICE_CONSUMER,THESE PEOPLE SEEK FOR SERVICES FROM SERVICE PROVIDERS,TRUE
862,ADMIN,ADMINS ARE GTS EMPLOYEES. THEY HAVE CONTROL OVER OTHER USERS,TRUE
863,SERVICE_CONSUMER,THESE PEOPLE SEEK FOR SERVICES FROM SERVICE PROVIDERS,TRUE
864,EMPLOYEE,THESE ARE PEOPLE WHO ARE WORKING UNDER SOME OR OTHER COMPANIES,TRUE
865,SERVICE_CONSUMER,THESE PEOPLE SEEK FOR SERVICES FROM SERVICE PROVIDERS,TRUE
866,SERVICE_PROVIDER,THESE PEOPLE PROVIDE SERVICES TO SERVICE CONSUMERS,TRUE
867,SERVICE_PROVIDER,THESE PEOPLE PROVIDE SERVICES TO SERVICE CONSUMERS,TRUE
868,TRAINER,THESE PEOPLE PROVIDE TRAINING TO OTHERS,TRUE
869,RECRUITER,THEY ARE EMPLOYEES OF GTS OR CONTRATORS WORKING FOR GTS,TRUE
870,SERVICE_PROVIDER,THESE PEOPLE PROVIDE SERVICES TO SERVICE CONSUMERS,TRUE
871,RECRUITER,THEY ARE EMPLOYEES OF GTS OR CONTRATORS WORKING FOR GTS,TRUE
872,EMPLOYEE,THESE ARE PEOPLE WHO ARE WORKING UNDER SOME OR OTHER COMPANIES,TRUE
873,TRAINER,THESE PEOPLE PROVIDE TRAINING TO OTHERS,TRUE
874,ADMIN,ADMINS ARE GTS EMPLOYEES. THEY HAVE CONTROL OVER OTHER USERS,TRUE
875,EMPLOYEE,THESE ARE PEOPLE WHO ARE WORKING UNDER SOME OR OTHER COMPANIES,TRUE
876,RECRUITER,THEY ARE EMPLOYEES OF GTS OR CONTRATORS WORKING FOR GTS,TRUE
877,EMPLOYEE,THESE ARE PEOPLE WHO ARE WORKING UNDER SOME OR OTHER COMPANIES,TRUE
878,ADMIN,ADMINS ARE GTS EMPLOYEES. THEY HAVE CONTROL OVER OTHER USERS,TRUE
879,SERVICE_PROVIDER,THESE PEOPLE PROVIDE SERVICES TO SERVICE CONSUMERS,TRUE
880,EMPLOYEE,THESE ARE PEOPLE WHO ARE WORKING UNDER SOME OR OTHER COMPANIES,TRUE
881,EMPLOYEE,THESE ARE PEOPLE WHO ARE WORKING UNDER SOME OR OTHER COMPANIES,TRUE
882,TRAINER,THESE PEOPLE PROVIDE TRAINING TO OTHERS,TRUE
883,TRAINEE,PEOPLE WHO GOES FOR TRAINING ONLY,TRUE
884,TRAINER,THESE PEOPLE PROVIDE TRAINING TO OTHERS,TRUE
885,SERVICE_PROVIDER,THESE PEOPLE PROVIDE SERVICES TO SERVICE CONSUMERS,TRUE
886,TRAINER,THESE PEOPLE PROVIDE TRAINING TO OTHERS,TRUE
887,RECRUITER,THEY ARE EMPLOYEES OF GTS OR CONTRATORS WORKING FOR GTS,TRUE
888,SERVICE_PROVIDER,THESE PEOPLE PROVIDE SERVICES TO SERVICE CONSUMERS,TRUE
889,EMPLOYEE,THESE ARE PEOPLE WHO ARE WORKING UNDER SOME OR OTHER COMPANIES,TRUE
890,TRAINEE,PEOPLE WHO GOES FOR TRAINING ONLY,TRUE
891,SERVICE_PROVIDER,THESE PEOPLE PROVIDE SERVICES TO SERVICE CONSUMERS,TRUE
892,TRAINEE,PEOPLE WHO GOES FOR TRAINING ONLY,TRUE
893,ADMIN,ADMINS ARE GTS EMPLOYEES. THEY HAVE CONTROL OVER OTHER USERS,TRUE
894,EMPLOYEE,THESE ARE PEOPLE WHO ARE WORKING UNDER SOME OR OTHER COMPANIES,TRUE
895,ADMIN,ADMINS ARE GTS EMPLOYEES. THEY HAVE CONTROL OVER OTHER USERS,TRUE
896,RECRUITER,THEY ARE EMPLOYEES OF GTS OR CONTRATORS WORKING FOR GTS,TRUE
897,SERVICE_CONSUMER,THESE PEOPLE SEEK FOR SERVICES FROM SERVICE PROVIDERS,TRUE
898,ADMIN,ADMINS ARE GTS EMPLOYEES. THEY HAVE CONTROL OVER OTHER USERS,TRUE
899,ADMIN,ADMINS ARE GTS EMPLOYEES. THEY HAVE CONTROL OVER OTHER USERS,TRUE
900,RECRUITER,THEY ARE EMPLOYEES OF GTS OR CONTRATORS WORKING FOR GTS,TRUE
901,TRAINER,THESE PEOPLE PROVIDE TRAINING TO OTHERS,TRUE
902,TRAINEE,PEOPLE WHO GOES FOR TRAINING ONLY,TRUE
903,EMPLOYEE,THESE ARE PEOPLE WHO ARE WORKING UNDER SOME OR OTHER COMPANIES,TRUE
904,SERVICE_CONSUMER,THESE PEOPLE SEEK FOR SERVICES FROM SERVICE PROVIDERS,TRUE
905,SERVICE_CONSUMER,THESE PEOPLE SEEK FOR SERVICES FROM SERVICE PROVIDERS,TRUE
906,RECRUITER,THEY ARE EMPLOYEES OF GTS OR CONTRATORS WORKING FOR GTS,TRUE
907,SERVICE_CONSUMER,THESE PEOPLE SEEK FOR SERVICES FROM SERVICE PROVIDERS,TRUE
908,SERVICE_CONSUMER,THESE PEOPLE SEEK FOR SERVICES FROM SERVICE PROVIDERS,TRUE
909,ADMIN,ADMINS ARE GTS EMPLOYEES. THEY HAVE CONTROL OVER OTHER USERS,TRUE
910,ADMIN,ADMINS ARE GTS EMPLOYEES. THEY HAVE CONTROL OVER OTHER USERS,TRUE
911,RECRUITER,THEY ARE EMPLOYEES OF GTS OR CONTRATORS WORKING FOR GTS,TRUE
912,RECRUITER,THEY ARE EMPLOYEES OF GTS OR CONTRATORS WORKING FOR GTS,TRUE
913,SERVICE_PROVIDER,THESE PEOPLE PROVIDE SERVICES TO SERVICE CONSUMERS,TRUE
914,RECRUITER,THEY ARE EMPLOYEES OF GTS OR CONTRATORS WORKING FOR GTS,TRUE
915,RECRUITER,THEY ARE EMPLOYEES OF GTS OR CONTRATORS WORKING FOR GTS,TRUE
916,SERVICE_CONSUMER,THESE PEOPLE SEEK FOR SERVICES FROM SERVICE PROVIDERS,TRUE
917,ADMIN,ADMINS ARE GTS EMPLOYEES. THEY HAVE CONTROL OVER OTHER USERS,TRUE
918,ADMIN,ADMINS ARE GTS EMPLOYEES. THEY HAVE CONTROL OVER OTHER USERS,TRUE
919,SERVICE_CONSUMER,THESE PEOPLE SEEK FOR SERVICES FROM SERVICE PROVIDERS,TRUE
920,TRAINER,THESE PEOPLE PROVIDE TRAINING TO OTHERS,TRUE
921,ADMIN,ADMINS ARE GTS EMPLOYEES. THEY HAVE CONTROL OVER OTHER USERS,TRUE
922,ADMIN,ADMINS ARE GTS EMPLOYEES. THEY HAVE CONTROL OVER OTHER USERS,TRUE
923,EMPLOYEE,THESE ARE PEOPLE WHO ARE WORKING UNDER SOME OR OTHER COMPANIES,TRUE
924,EMPLOYEE,THESE ARE PEOPLE WHO ARE WORKING UNDER SOME OR OTHER COMPANIES,TRUE
925,TRAINER,THESE PEOPLE PROVIDE TRAINING TO OTHERS,TRUE
926,RECRUITER,THEY ARE EMPLOYEES OF GTS OR CONTRATORS WORKING FOR GTS,TRUE
927,TRAINER,THESE PEOPLE PROVIDE TRAINING TO OTHERS,TRUE
928,EMPLOYEE,THESE ARE PEOPLE WHO ARE WORKING UNDER SOME OR OTHER COMPANIES,TRUE
929,SERVICE_CONSUMER,THESE PEOPLE SEEK FOR SERVICES FROM SERVICE PROVIDERS,TRUE
930,TRAINER,THESE PEOPLE PROVIDE TRAINING TO OTHERS,TRUE
931,SERVICE_PROVIDER,THESE PEOPLE PROVIDE SERVICES TO SERVICE CONSUMERS,TRUE
932,ADMIN,ADMINS ARE GTS EMPLOYEES. THEY HAVE CONTROL OVER OTHER USERS,TRUE
933,RECRUITER,THEY ARE EMPLOYEES OF GTS OR CONTRATORS WORKING FOR GTS,TRUE
934,TRAINER,THESE PEOPLE PROVIDE TRAINING TO OTHERS,TRUE
935,ADMIN,ADMINS ARE GTS EMPLOYEES. THEY HAVE CONTROL OVER OTHER USERS,TRUE
936,EMPLOYEE,THESE ARE PEOPLE WHO ARE WORKING UNDER SOME OR OTHER COMPANIES,TRUE
937,TRAINEE,PEOPLE WHO GOES FOR TRAINING ONLY,TRUE
938,TRAINEE,PEOPLE WHO GOES FOR TRAINING ONLY,TRUE
939,RECRUITER,THEY ARE EMPLOYEES OF GTS OR CONTRATORS WORKING FOR GTS,TRUE
940,RECRUITER,THEY ARE EMPLOYEES OF GTS OR CONTRATORS WORKING FOR GTS,TRUE
941,RECRUITER,THEY ARE EMPLOYEES OF GTS OR CONTRATORS WORKING FOR GTS,TRUE
942,RECRUITER,THEY ARE EMPLOYEES OF GTS OR CONTRATORS WORKING FOR GTS,TRUE
943,TRAINER,THESE PEOPLE PROVIDE TRAINING TO OTHERS,TRUE
944,EMPLOYEE,THESE ARE PEOPLE WHO ARE WORKING UNDER SOME OR OTHER COMPANIES,TRUE
945,SERVICE_CONSUMER,THESE PEOPLE SEEK FOR SERVICES FROM SERVICE PROVIDERS,TRUE
946,RECRUITER,THEY ARE EMPLOYEES OF GTS OR CONTRATORS WORKING FOR GTS,TRUE
947,TRAINER,THESE PEOPLE PROVIDE TRAINING TO OTHERS,TRUE
948,TRAINER,THESE PEOPLE PROVIDE TRAINING TO OTHERS,TRUE
949,EMPLOYEE,THESE ARE PEOPLE WHO ARE WORKING UNDER SOME OR OTHER COMPANIES,TRUE
950,ADMIN,ADMINS ARE GTS EMPLOYEES. THEY HAVE CONTROL OVER OTHER USERS,TRUE
951,SERVICE_PROVIDER,THESE PEOPLE PROVIDE SERVICES TO SERVICE CONSUMERS,TRUE
952,TRAINEE,PEOPLE WHO GOES FOR TRAINING ONLY,TRUE
953,SERVICE_CONSUMER,THESE PEOPLE SEEK FOR SERVICES FROM SERVICE PROVIDERS,TRUE
954,SERVICE_CONSUMER,THESE PEOPLE SEEK FOR SERVICES FROM SERVICE PROVIDERS,TRUE
955,EMPLOYEE,THESE ARE PEOPLE WHO ARE WORKING UNDER SOME OR OTHER COMPANIES,TRUE
956,TRAINEE,PEOPLE WHO GOES FOR TRAINING ONLY,TRUE
957,TRAINEE,PEOPLE WHO GOES FOR TRAINING ONLY,TRUE
958,SERVICE_PROVIDER,THESE PEOPLE PROVIDE SERVICES TO SERVICE CONSUMERS,TRUE
959,EMPLOYEE,THESE ARE PEOPLE WHO ARE WORKING UNDER SOME OR OTHER COMPANIES,TRUE
960,RECRUITER,THEY ARE EMPLOYEES OF GTS OR CONTRATORS WORKING FOR GTS,TRUE
961,SERVICE_PROVIDER,THESE PEOPLE PROVIDE SERVICES TO SERVICE CONSUMERS,TRUE
962,ADMIN,ADMINS ARE GTS EMPLOYEES. THEY HAVE CONTROL OVER OTHER USERS,TRUE
963,TRAINEE,PEOPLE WHO GOES FOR TRAINING ONLY,TRUE
964,EMPLOYEE,THESE ARE PEOPLE WHO ARE WORKING UNDER SOME OR OTHER COMPANIES,TRUE
965,ADMIN,ADMINS ARE GTS EMPLOYEES. THEY HAVE CONTROL OVER OTHER USERS,TRUE
966,SERVICE_PROVIDER,THESE PEOPLE PROVIDE SERVICES TO SERVICE CONSUMERS,TRUE
967,SERVICE_PROVIDER,THESE PEOPLE PROVIDE SERVICES TO SERVICE CONSUMERS,TRUE
968,SERVICE_CONSUMER,THESE PEOPLE SEEK FOR SERVICES FROM SERVICE PROVIDERS,TRUE
969,SERVICE_CONSUMER,THESE PEOPLE SEEK FOR SERVICES FROM SERVICE PROVIDERS,TRUE
970,EMPLOYEE,THESE ARE PEOPLE WHO ARE WORKING UNDER SOME OR OTHER COMPANIES,TRUE
971,EMPLOYEE,THESE ARE PEOPLE WHO ARE WORKING UNDER SOME OR OTHER COMPANIES,TRUE
972,EMPLOYEE,THESE ARE PEOPLE WHO ARE WORKING UNDER SOME OR OTHER COMPANIES,TRUE
973,SERVICE_PROVIDER,THESE PEOPLE PROVIDE SERVICES TO SERVICE CONSUMERS,TRUE
974,SERVICE_CONSUMER,THESE PEOPLE SEEK FOR SERVICES FROM SERVICE PROVIDERS,TRUE
975,RECRUITER,THEY ARE EMPLOYEES OF GTS OR CONTRATORS WORKING FOR GTS,TRUE
976,SERVICE_PROVIDER,THESE PEOPLE PROVIDE SERVICES TO SERVICE CONSUMERS,TRUE
977,SERVICE_CONSUMER,THESE PEOPLE SEEK FOR SERVICES FROM SERVICE PROVIDERS,TRUE
978,RECRUITER,THEY ARE EMPLOYEES OF GTS OR CONTRATORS WORKING FOR GTS,TRUE
979,SERVICE_PROVIDER,THESE PEOPLE PROVIDE SERVICES TO SERVICE CONSUMERS,TRUE
980,SERVICE_PROVIDER,THESE PEOPLE PROVIDE SERVICES TO SERVICE CONSUMERS,TRUE
981,RECRUITER,THEY ARE EMPLOYEES OF GTS OR CONTRATORS WORKING FOR GTS,TRUE
982,TRAINEE,PEOPLE WHO GOES FOR TRAINING ONLY,TRUE
983,ADMIN,ADMINS ARE GTS EMPLOYEES. THEY HAVE CONTROL OVER OTHER USERS,TRUE
984,EMPLOYEE,THESE ARE PEOPLE WHO ARE WORKING UNDER SOME OR OTHER COMPANIES,TRUE
985,SERVICE_PROVIDER,THESE PEOPLE PROVIDE SERVICES TO SERVICE CONSUMERS,TRUE
986,TRAINEE,PEOPLE WHO GOES FOR TRAINING ONLY,TRUE
987,RECRUITER,THEY ARE EMPLOYEES OF GTS OR CONTRATORS WORKING FOR GTS,TRUE
988,TRAINEE,PEOPLE WHO GOES FOR TRAINING ONLY,TRUE
989,TRAINEE,PEOPLE WHO GOES FOR TRAINING ONLY,TRUE
990,ADMIN,ADMINS ARE GTS EMPLOYEES. THEY HAVE CONTROL OVER OTHER USERS,TRUE
991,TRAINEE,PEOPLE WHO GOES FOR TRAINING ONLY,TRUE
992,TRAINER,THESE PEOPLE PROVIDE TRAINING TO OTHERS,TRUE
993,RECRUITER,THEY ARE EMPLOYEES OF GTS OR CONTRATORS WORKING FOR GTS,TRUE
994,RECRUITER,THEY ARE EMPLOYEES OF GTS OR CONTRATORS WORKING FOR GTS,TRUE
995,TRAINER,THESE PEOPLE PROVIDE TRAINING TO OTHERS,TRUE
996,TRAINER,THESE PEOPLE PROVIDE TRAINING TO OTHERS,TRUE
997,SERVICE_PROVIDER,THESE PEOPLE PROVIDE SERVICES TO SERVICE CONSUMERS,TRUE
998,TRAINEE,PEOPLE WHO GOES FOR TRAINING ONLY,TRUE
999,EMPLOYEE,THESE ARE PEOPLE WHO ARE WORKING UNDER SOME OR OTHER COMPANIES,TRUE
1000,EMPLOYEE,THESE ARE PEOPLE WHO ARE WORKING UNDER SOME OR OTHER COMPANIES,TRUE
