GTS_EMPLOYER_COMPANY_DETAILS_ID,GTS_EMPLOYER_ID,GTS_EMPLOYER_COMPANY_ID,GTS_JOB_TITLE_ID,GTS_EMPLOYER_JOB_DESCRIPTION,GTS_EMPLOYER_IS_CURRENTLY_WORKING
1,617,322,644,Product Manager defining product vision and aligning with business goals.,TRUE
2,507,384,504,System Administrator maintaining IT infrastructure and ensuring uptime.,TRUE
3,880,899,912,Project Manager managing cross-functional teams and project timelines.,FALSE
4,702,482,898,Data Analyst performing data exploration and generating insights.,FALSE
5,75,256,444,Cloud Architect developing scalable cloud solutions and ensuring availability.,TRUE
6,946,210,715,Software Developer responsible for building scalable applications and debugging backend systems.,TRUE
7,869,249,474,Business Analyst gathering requirements and supporting data-driven decisions.,FALSE
8,561,849,640,Cloud Architect developing scalable cloud solutions and ensuring availability.,FALSE
9,84,437,53,Cloud Architect developing scalable cloud solutions and ensuring availability.,FALSE
10,755,561,201,Business Analyst gathering requirements and supporting data-driven decisions.,TRUE
11,140,59,51,Project Manager managing cross-functional teams and project timelines.,FALSE
12,860,92,45,Software Developer responsible for building scalable applications and debugging backend systems.,TRUE
13,155,434,931,UI/UX Designer designing intuitive user experiences and interfaces.,TRUE
14,756,963,807,Project Manager managing cross-functional teams and project timelines.,TRUE
15,934,686,294,Software Developer responsible for building scalable applications and debugging backend systems.,FALSE
16,203,603,792,Software Developer responsible for building scalable applications and debugging backend systems.,TRUE
17,629,56,73,Project Manager managing cross-functional teams and project timelines.,TRUE
18,341,445,673,Product Manager defining product vision and aligning with business goals.,FALSE
19,805,585,278,Business Analyst gathering requirements and supporting data-driven decisions.,TRUE
20,465,789,994,Project Manager managing cross-functional teams and project timelines.,TRUE
21,696,400,40,Business Analyst gathering requirements and supporting data-driven decisions.,TRUE
22,177,416,660,Data Analyst performing data exploration and generating insights.,TRUE
23,182,546,116,Cybersecurity Specialist monitoring threats and securing network systems.,TRUE
24,35,36,636,System Administrator maintaining IT infrastructure and ensuring uptime.,TRUE
25,426,387,277,Cybersecurity Specialist monitoring threats and securing network systems.,FALSE
26,477,966,688,Digital Marketing Executive running campaigns and optimizing digital performance.,FALSE
27,98,374,219,Software Developer responsible for building scalable applications and debugging backend systems.,TRUE
28,895,361,679,Digital Marketing Executive running campaigns and optimizing digital performance.,TRUE
29,725,75,579,Cloud Architect developing scalable cloud solutions and ensuring availability.,FALSE
30,800,659,761,Project Manager managing cross-functional teams and project timelines.,TRUE
31,74,677,737,Business Analyst gathering requirements and supporting data-driven decisions.,FALSE
32,45,860,532,Cloud Architect developing scalable cloud solutions and ensuring availability.,FALSE
33,965,111,250,Product Manager defining product vision and aligning with business goals.,TRUE
34,984,233,946,System Administrator maintaining IT infrastructure and ensuring uptime.,TRUE
35,525,789,258,System Administrator maintaining IT infrastructure and ensuring uptime.,FALSE
36,136,217,654,Digital Marketing Executive running campaigns and optimizing digital performance.,TRUE
37,869,32,541,Business Analyst gathering requirements and supporting data-driven decisions.,TRUE
38,902,868,480,Data Analyst performing data exploration and generating insights.,FALSE
39,605,798,867,Data Analyst performing data exploration and generating insights.,FALSE
40,171,515,59,Cybersecurity Specialist monitoring threats and securing network systems.,TRUE
41,626,647,154,System Administrator maintaining IT infrastructure and ensuring uptime.,FALSE
42,727,931,283,Digital Marketing Executive running campaigns and optimizing digital performance.,TRUE
43,77,967,810,Business Analyst gathering requirements and supporting data-driven decisions.,FALSE
44,292,650,189,Cloud Architect developing scalable cloud solutions and ensuring availability.,FALSE
45,389,427,53,Cybersecurity Specialist monitoring threats and securing network systems.,FALSE
46,363,909,784,System Administrator maintaining IT infrastructure and ensuring uptime.,TRUE
47,592,400,286,UI/UX Designer designing intuitive user experiences and interfaces.,TRUE
48,277,837,300,Cybersecurity Specialist monitoring threats and securing network systems.,TRUE
49,586,639,51,Digital Marketing Executive running campaigns and optimizing digital performance.,FALSE
50,107,93,517,Digital Marketing Executive running campaigns and optimizing digital performance.,FALSE
51,631,288,614,Software Developer responsible for building scalable applications and debugging backend systems.,TRUE
52,652,629,88,Cloud Architect developing scalable cloud solutions and ensuring availability.,TRUE
53,236,511,115,Business Analyst gathering requirements and supporting data-driven decisions.,TRUE
54,332,538,142,Product Manager defining product vision and aligning with business goals.,FALSE
55,92,107,649,Cybersecurity Specialist monitoring threats and securing network systems.,FALSE
56,810,542,8,System Administrator maintaining IT infrastructure and ensuring uptime.,TRUE
57,469,287,20,Cloud Architect developing scalable cloud solutions and ensuring availability.,FALSE
58,62,446,870,UI/UX Designer designing intuitive user experiences and interfaces.,TRUE
59,300,494,1,Business Analyst gathering requirements and supporting data-driven decisions.,TRUE
60,559,754,236,Product Manager defining product vision and aligning with business goals.,FALSE
61,688,497,150,Data Analyst performing data exploration and generating insights.,TRUE
62,103,353,947,Business Analyst gathering requirements and supporting data-driven decisions.,TRUE
63,322,635,501,Data Analyst performing data exploration and generating insights.,FALSE
64,640,102,572,Data Analyst performing data exploration and generating insights.,FALSE
65,634,248,411,Business Analyst gathering requirements and supporting data-driven decisions.,TRUE
66,718,565,695,System Administrator maintaining IT infrastructure and ensuring uptime.,FALSE
67,833,889,136,Product Manager defining product vision and aligning with business goals.,TRUE
68,402,449,401,UI/UX Designer designing intuitive user experiences and interfaces.,TRUE
69,942,585,931,Product Manager defining product vision and aligning with business goals.,TRUE
70,523,759,711,Cybersecurity Specialist monitoring threats and securing network systems.,TRUE
71,390,304,706,Project Manager managing cross-functional teams and project timelines.,FALSE
72,422,554,980,System Administrator maintaining IT infrastructure and ensuring uptime.,FALSE
73,987,436,270,Software Developer responsible for building scalable applications and debugging backend systems.,FALSE
74,901,737,41,Data Analyst performing data exploration and generating insights.,FALSE
75,506,988,139,System Administrator maintaining IT infrastructure and ensuring uptime.,TRUE
76,942,654,995,Cloud Architect developing scalable cloud solutions and ensuring availability.,FALSE
77,963,95,490,Data Analyst performing data exploration and generating insights.,TRUE
78,970,400,463,Data Analyst performing data exploration and generating insights.,TRUE
79,339,859,421,Digital Marketing Executive running campaigns and optimizing digital performance.,FALSE
80,187,109,118,Cloud Architect developing scalable cloud solutions and ensuring availability.,TRUE
81,574,911,639,System Administrator maintaining IT infrastructure and ensuring uptime.,FALSE
82,726,299,52,Product Manager defining product vision and aligning with business goals.,FALSE
83,17,333,458,Cloud Architect developing scalable cloud solutions and ensuring availability.,FALSE
84,16,360,602,Data Analyst performing data exploration and generating insights.,TRUE
85,706,524,926,Product Manager defining product vision and aligning with business goals.,FALSE
86,894,959,848,System Administrator maintaining IT infrastructure and ensuring uptime.,FALSE
87,388,884,115,Cybersecurity Specialist monitoring threats and securing network systems.,TRUE
88,561,305,416,Cloud Architect developing scalable cloud solutions and ensuring availability.,TRUE
89,665,360,932,Cloud Architect developing scalable cloud solutions and ensuring availability.,TRUE
90,865,45,681,Data Analyst performing data exploration and generating insights.,FALSE
91,750,29,254,System Administrator maintaining IT infrastructure and ensuring uptime.,TRUE
92,610,715,796,Cybersecurity Specialist monitoring threats and securing network systems.,TRUE
93,293,533,786,Digital Marketing Executive running campaigns and optimizing digital performance.,FALSE
94,832,447,6,Software Developer responsible for building scalable applications and debugging backend systems.,FALSE
95,539,48,6,Cloud Architect developing scalable cloud solutions and ensuring availability.,TRUE
96,539,448,476,Software Developer responsible for building scalable applications and debugging backend systems.,FALSE
97,579,363,621,Cybersecurity Specialist monitoring threats and securing network systems.,FALSE
98,122,957,917,Data Analyst performing data exploration and generating insights.,TRUE
99,518,8,497,Digital Marketing Executive running campaigns and optimizing digital performance.,FALSE
100,514,142,938,UI/UX Designer designing intuitive user experiences and interfaces.,FALSE
101,965,861,883,Digital Marketing Executive running campaigns and optimizing digital performance.,TRUE
102,424,628,201,UI/UX Designer designing intuitive user experiences and interfaces.,FALSE
103,365,58,317,Cybersecurity Specialist monitoring threats and securing network systems.,TRUE
104,801,771,117,Project Manager managing cross-functional teams and project timelines.,FALSE
105,395,948,689,Data Analyst performing data exploration and generating insights.,FALSE
106,640,143,287,Business Analyst gathering requirements and supporting data-driven decisions.,TRUE
107,451,739,401,Software Developer responsible for building scalable applications and debugging backend systems.,TRUE
108,193,383,795,Digital Marketing Executive running campaigns and optimizing digital performance.,TRUE
109,592,404,451,Business Analyst gathering requirements and supporting data-driven decisions.,TRUE
110,11,414,673,Data Analyst performing data exploration and generating insights.,TRUE
111,868,779,303,UI/UX Designer designing intuitive user experiences and interfaces.,TRUE
112,12,694,294,Cybersecurity Specialist monitoring threats and securing network systems.,TRUE
113,157,704,439,Business Analyst gathering requirements and supporting data-driven decisions.,FALSE
114,758,360,736,Product Manager defining product vision and aligning with business goals.,FALSE
115,387,874,327,Cybersecurity Specialist monitoring threats and securing network systems.,FALSE
116,718,40,95,UI/UX Designer designing intuitive user experiences and interfaces.,TRUE
117,592,660,759,Cloud Architect developing scalable cloud solutions and ensuring availability.,TRUE
118,377,751,391,UI/UX Designer designing intuitive user experiences and interfaces.,TRUE
119,456,471,666,Cybersecurity Specialist monitoring threats and securing network systems.,TRUE
120,559,42,386,Cloud Architect developing scalable cloud solutions and ensuring availability.,TRUE
121,292,631,573,System Administrator maintaining IT infrastructure and ensuring uptime.,FALSE
122,916,685,441,Product Manager defining product vision and aligning with business goals.,FALSE
123,70,179,273,Digital Marketing Executive running campaigns and optimizing digital performance.,FALSE
124,775,806,713,Data Analyst performing data exploration and generating insights.,FALSE
125,648,738,705,Cloud Architect developing scalable cloud solutions and ensuring availability.,FALSE
126,367,592,179,Software Developer responsible for building scalable applications and debugging backend systems.,FALSE
127,281,68,23,System Administrator maintaining IT infrastructure and ensuring uptime.,TRUE
128,926,879,315,UI/UX Designer designing intuitive user experiences and interfaces.,TRUE
129,101,219,157,Software Developer responsible for building scalable applications and debugging backend systems.,TRUE
130,637,712,304,System Administrator maintaining IT infrastructure and ensuring uptime.,TRUE
131,502,259,654,Cloud Architect developing scalable cloud solutions and ensuring availability.,TRUE
132,299,988,844,Digital Marketing Executive running campaigns and optimizing digital performance.,FALSE
133,138,268,799,Product Manager defining product vision and aligning with business goals.,FALSE
134,196,523,185,Project Manager managing cross-functional teams and project timelines.,FALSE
135,854,637,978,Data Analyst performing data exploration and generating insights.,TRUE
136,376,533,140,Project Manager managing cross-functional teams and project timelines.,FALSE
137,642,141,745,UI/UX Designer designing intuitive user experiences and interfaces.,FALSE
138,894,183,523,System Administrator maintaining IT infrastructure and ensuring uptime.,TRUE
139,903,508,429,Software Developer responsible for building scalable applications and debugging backend systems.,FALSE
140,5,578,802,UI/UX Designer designing intuitive user experiences and interfaces.,TRUE
141,793,543,757,Data Analyst performing data exploration and generating insights.,FALSE
142,814,653,162,Project Manager managing cross-functional teams and project timelines.,TRUE
143,827,96,230,Product Manager defining product vision and aligning with business goals.,FALSE
144,15,595,754,Business Analyst gathering requirements and supporting data-driven decisions.,FALSE
145,798,242,665,UI/UX Designer designing intuitive user experiences and interfaces.,TRUE
146,528,349,942,Data Analyst performing data exploration and generating insights.,TRUE
147,234,252,724,System Administrator maintaining IT infrastructure and ensuring uptime.,TRUE
148,747,653,814,Cybersecurity Specialist monitoring threats and securing network systems.,TRUE
149,277,839,957,Cybersecurity Specialist monitoring threats and securing network systems.,FALSE
150,327,584,699,UI/UX Designer designing intuitive user experiences and interfaces.,FALSE
151,334,321,22,Software Developer responsible for building scalable applications and debugging backend systems.,FALSE
152,995,172,741,Digital Marketing Executive running campaigns and optimizing digital performance.,TRUE
153,221,56,529,System Administrator maintaining IT infrastructure and ensuring uptime.,FALSE
154,855,781,373,Cloud Architect developing scalable cloud solutions and ensuring availability.,TRUE
155,711,187,651,Project Manager managing cross-functional teams and project timelines.,TRUE
156,341,3,642,System Administrator maintaining IT infrastructure and ensuring uptime.,FALSE
157,392,862,162,System Administrator maintaining IT infrastructure and ensuring uptime.,TRUE
158,356,52,492,UI/UX Designer designing intuitive user experiences and interfaces.,TRUE
159,922,648,924,Data Analyst performing data exploration and generating insights.,TRUE
160,435,121,512,System Administrator maintaining IT infrastructure and ensuring uptime.,TRUE
161,201,763,180,Data Analyst performing data exploration and generating insights.,FALSE
162,969,59,555,Cybersecurity Specialist monitoring threats and securing network systems.,FALSE
163,727,745,715,UI/UX Designer designing intuitive user experiences and interfaces.,FALSE
164,158,177,672,System Administrator maintaining IT infrastructure and ensuring uptime.,FALSE
165,641,762,155,Project Manager managing cross-functional teams and project timelines.,TRUE
166,833,331,540,UI/UX Designer designing intuitive user experiences and interfaces.,TRUE
167,154,750,622,Cloud Architect developing scalable cloud solutions and ensuring availability.,TRUE
168,79,225,779,UI/UX Designer designing intuitive user experiences and interfaces.,TRUE
169,248,536,745,Cybersecurity Specialist monitoring threats and securing network systems.,TRUE
170,408,785,480,System Administrator maintaining IT infrastructure and ensuring uptime.,FALSE
171,12,413,437,Cybersecurity Specialist monitoring threats and securing network systems.,TRUE
172,243,188,814,Data Analyst performing data exploration and generating insights.,FALSE
173,483,592,810,Software Developer responsible for building scalable applications and debugging backend systems.,TRUE
174,331,823,841,Digital Marketing Executive running campaigns and optimizing digital performance.,TRUE
175,794,33,411,System Administrator maintaining IT infrastructure and ensuring uptime.,FALSE
176,926,941,962,Software Developer responsible for building scalable applications and debugging backend systems.,TRUE
177,195,947,538,UI/UX Designer designing intuitive user experiences and interfaces.,FALSE
178,645,807,44,Business Analyst gathering requirements and supporting data-driven decisions.,TRUE
179,750,290,424,Digital Marketing Executive running campaigns and optimizing digital performance.,TRUE
180,786,828,945,Cloud Architect developing scalable cloud solutions and ensuring availability.,FALSE
181,573,985,879,Product Manager defining product vision and aligning with business goals.,TRUE
182,852,55,101,Software Developer responsible for building scalable applications and debugging backend systems.,TRUE
183,121,972,991,Cybersecurity Specialist monitoring threats and securing network systems.,TRUE
184,180,58,704,Digital Marketing Executive running campaigns and optimizing digital performance.,FALSE
185,315,508,587,Digital Marketing Executive running campaigns and optimizing digital performance.,FALSE
186,480,650,253,Business Analyst gathering requirements and supporting data-driven decisions.,TRUE
187,514,952,568,UI/UX Designer designing intuitive user experiences and interfaces.,TRUE
188,915,556,579,Digital Marketing Executive running campaigns and optimizing digital performance.,TRUE
189,120,3,283,Project Manager managing cross-functional teams and project timelines.,TRUE
190,491,140,392,Cybersecurity Specialist monitoring threats and securing network systems.,FALSE
191,858,586,375,Cloud Architect developing scalable cloud solutions and ensuring availability.,FALSE
192,922,523,536,Cybersecurity Specialist monitoring threats and securing network systems.,TRUE
193,377,363,756,Project Manager managing cross-functional teams and project timelines.,TRUE
194,819,331,522,Project Manager managing cross-functional teams and project timelines.,FALSE
195,263,393,883,System Administrator maintaining IT infrastructure and ensuring uptime.,FALSE
196,182,789,150,Product Manager defining product vision and aligning with business goals.,FALSE
197,50,668,390,Data Analyst performing data exploration and generating insights.,FALSE
198,557,705,814,Business Analyst gathering requirements and supporting data-driven decisions.,FALSE
199,300,573,135,Business Analyst gathering requirements and supporting data-driven decisions.,TRUE
200,53,968,469,Digital Marketing Executive running campaigns and optimizing digital performance.,TRUE
201,89,440,787,Project Manager managing cross-functional teams and project timelines.,FALSE
202,977,788,950,Software Developer responsible for building scalable applications and debugging backend systems.,FALSE
203,374,172,447,UI/UX Designer designing intuitive user experiences and interfaces.,TRUE
204,365,662,67,Software Developer responsible for building scalable applications and debugging backend systems.,TRUE
205,648,890,602,System Administrator maintaining IT infrastructure and ensuring uptime.,FALSE
206,83,920,432,Cloud Architect developing scalable cloud solutions and ensuring availability.,TRUE
207,376,810,858,System Administrator maintaining IT infrastructure and ensuring uptime.,TRUE
208,390,595,433,Project Manager managing cross-functional teams and project timelines.,TRUE
209,800,649,470,UI/UX Designer designing intuitive user experiences and interfaces.,TRUE
210,414,759,820,Cloud Architect developing scalable cloud solutions and ensuring availability.,FALSE
211,390,959,944,Software Developer responsible for building scalable applications and debugging backend systems.,FALSE
212,513,486,210,Digital Marketing Executive running campaigns and optimizing digital performance.,FALSE
213,762,216,308,Product Manager defining product vision and aligning with business goals.,TRUE
214,168,86,89,Project Manager managing cross-functional teams and project timelines.,TRUE
215,122,760,72,System Administrator maintaining IT infrastructure and ensuring uptime.,FALSE
216,65,200,218,UI/UX Designer designing intuitive user experiences and interfaces.,TRUE
217,623,369,726,System Administrator maintaining IT infrastructure and ensuring uptime.,TRUE
218,102,985,93,Business Analyst gathering requirements and supporting data-driven decisions.,FALSE
219,756,670,388,Software Developer responsible for building scalable applications and debugging backend systems.,FALSE
220,23,990,615,UI/UX Designer designing intuitive user experiences and interfaces.,TRUE
221,371,820,487,Business Analyst gathering requirements and supporting data-driven decisions.,FALSE
222,12,371,738,Product Manager defining product vision and aligning with business goals.,FALSE
223,637,328,730,Product Manager defining product vision and aligning with business goals.,FALSE
224,945,717,1,Business Analyst gathering requirements and supporting data-driven decisions.,FALSE
225,44,761,76,Data Analyst performing data exploration and generating insights.,FALSE
226,164,473,656,Data Analyst performing data exploration and generating insights.,FALSE
227,125,269,573,Project Manager managing cross-functional teams and project timelines.,TRUE
228,501,858,80,Digital Marketing Executive running campaigns and optimizing digital performance.,FALSE
229,259,195,10,Software Developer responsible for building scalable applications and debugging backend systems.,TRUE
230,251,624,710,Data Analyst performing data exploration and generating insights.,FALSE
231,369,998,637,Digital Marketing Executive running campaigns and optimizing digital performance.,FALSE
232,37,670,863,Project Manager managing cross-functional teams and project timelines.,FALSE
233,952,734,17,UI/UX Designer designing intuitive user experiences and interfaces.,TRUE
234,948,33,847,Digital Marketing Executive running campaigns and optimizing digital performance.,FALSE
235,258,85,357,Product Manager defining product vision and aligning with business goals.,TRUE
236,129,834,936,Cloud Architect developing scalable cloud solutions and ensuring availability.,TRUE
237,420,843,946,UI/UX Designer designing intuitive user experiences and interfaces.,FALSE
238,931,131,21,UI/UX Designer designing intuitive user experiences and interfaces.,FALSE
239,836,591,665,Product Manager defining product vision and aligning with business goals.,TRUE
240,818,662,529,Cloud Architect developing scalable cloud solutions and ensuring availability.,TRUE
241,943,501,497,Project Manager managing cross-functional teams and project timelines.,FALSE
242,385,58,585,Data Analyst performing data exploration and generating insights.,TRUE
243,826,364,415,Product Manager defining product vision and aligning with business goals.,TRUE
244,772,794,60,Cloud Architect developing scalable cloud solutions and ensuring availability.,FALSE
245,112,719,282,Project Manager managing cross-functional teams and project timelines.,TRUE
246,421,287,114,Data Analyst performing data exploration and generating insights.,FALSE
247,693,38,813,Digital Marketing Executive running campaigns and optimizing digital performance.,FALSE
248,750,505,265,Product Manager defining product vision and aligning with business goals.,FALSE
249,376,199,233,Project Manager managing cross-functional teams and project timelines.,FALSE
250,713,59,460,Business Analyst gathering requirements and supporting data-driven decisions.,TRUE
251,383,689,326,Business Analyst gathering requirements and supporting data-driven decisions.,TRUE
252,168,86,558,Cloud Architect developing scalable cloud solutions and ensuring availability.,TRUE
253,545,237,315,UI/UX Designer designing intuitive user experiences and interfaces.,TRUE
254,172,653,226,Cloud Architect developing scalable cloud solutions and ensuring availability.,FALSE
255,902,257,697,Cloud Architect developing scalable cloud solutions and ensuring availability.,TRUE
256,441,674,449,Project Manager managing cross-functional teams and project timelines.,TRUE
257,861,523,141,Business Analyst gathering requirements and supporting data-driven decisions.,TRUE
258,962,719,159,Software Developer responsible for building scalable applications and debugging backend systems.,FALSE
259,177,862,615,Data Analyst performing data exploration and generating insights.,TRUE
260,514,957,175,UI/UX Designer designing intuitive user experiences and interfaces.,TRUE
261,761,621,476,UI/UX Designer designing intuitive user experiences and interfaces.,TRUE
262,885,715,949,UI/UX Designer designing intuitive user experiences and interfaces.,TRUE
263,442,942,108,Product Manager defining product vision and aligning with business goals.,FALSE
264,930,485,474,Software Developer responsible for building scalable applications and debugging backend systems.,TRUE
265,800,976,603,Project Manager managing cross-functional teams and project timelines.,TRUE
266,590,481,831,System Administrator maintaining IT infrastructure and ensuring uptime.,TRUE
267,645,187,160,Business Analyst gathering requirements and supporting data-driven decisions.,FALSE
268,144,400,605,Data Analyst performing data exploration and generating insights.,TRUE
269,151,839,918,Cybersecurity Specialist monitoring threats and securing network systems.,TRUE
270,146,776,574,Digital Marketing Executive running campaigns and optimizing digital performance.,FALSE
271,865,475,615,Software Developer responsible for building scalable applications and debugging backend systems.,TRUE
272,109,671,228,Software Developer responsible for building scalable applications and debugging backend systems.,TRUE
273,306,938,7,Data Analyst performing data exploration and generating insights.,TRUE
274,434,90,734,Digital Marketing Executive running campaigns and optimizing digital performance.,FALSE
275,157,146,828,Data Analyst performing data exploration and generating insights.,FALSE
276,884,979,578,Project Manager managing cross-functional teams and project timelines.,TRUE
277,449,849,322,Software Developer responsible for building scalable applications and debugging backend systems.,TRUE
278,164,109,361,Cloud Architect developing scalable cloud solutions and ensuring availability.,FALSE
279,470,147,261,Cybersecurity Specialist monitoring threats and securing network systems.,TRUE
280,162,91,71,Project Manager managing cross-functional teams and project timelines.,TRUE
281,782,227,764,Cybersecurity Specialist monitoring threats and securing network systems.,FALSE
282,387,334,975,Digital Marketing Executive running campaigns and optimizing digital performance.,FALSE
283,302,360,17,System Administrator maintaining IT infrastructure and ensuring uptime.,FALSE
284,138,246,364,Business Analyst gathering requirements and supporting data-driven decisions.,TRUE
285,568,836,918,Business Analyst gathering requirements and supporting data-driven decisions.,TRUE
286,159,714,400,Business Analyst gathering requirements and supporting data-driven decisions.,TRUE
287,884,683,630,Software Developer responsible for building scalable applications and debugging backend systems.,TRUE
288,451,843,842,Cybersecurity Specialist monitoring threats and securing network systems.,FALSE
289,601,952,671,Business Analyst gathering requirements and supporting data-driven decisions.,TRUE
290,458,995,224,UI/UX Designer designing intuitive user experiences and interfaces.,FALSE
291,905,803,326,System Administrator maintaining IT infrastructure and ensuring uptime.,FALSE
292,805,914,683,UI/UX Designer designing intuitive user experiences and interfaces.,TRUE
293,308,887,777,System Administrator maintaining IT infrastructure and ensuring uptime.,FALSE
294,143,149,662,Cloud Architect developing scalable cloud solutions and ensuring availability.,TRUE
295,473,459,145,Business Analyst gathering requirements and supporting data-driven decisions.,TRUE
296,418,545,974,Project Manager managing cross-functional teams and project timelines.,TRUE
297,408,684,244,System Administrator maintaining IT infrastructure and ensuring uptime.,TRUE
298,63,109,702,Project Manager managing cross-functional teams and project timelines.,FALSE
299,822,878,189,Cloud Architect developing scalable cloud solutions and ensuring availability.,FALSE
300,347,514,230,System Administrator maintaining IT infrastructure and ensuring uptime.,TRUE
301,896,59,142,Data Analyst performing data exploration and generating insights.,FALSE
302,400,372,793,Data Analyst performing data exploration and generating insights.,TRUE
303,593,150,652,Digital Marketing Executive running campaigns and optimizing digital performance.,TRUE
304,219,718,771,Cloud Architect developing scalable cloud solutions and ensuring availability.,FALSE
305,993,858,665,Cloud Architect developing scalable cloud solutions and ensuring availability.,FALSE
306,327,199,926,UI/UX Designer designing intuitive user experiences and interfaces.,TRUE
307,849,661,741,Digital Marketing Executive running campaigns and optimizing digital performance.,FALSE
308,379,858,682,Cloud Architect developing scalable cloud solutions and ensuring availability.,TRUE
309,612,541,309,Business Analyst gathering requirements and supporting data-driven decisions.,TRUE
310,484,441,959,Cloud Architect developing scalable cloud solutions and ensuring availability.,FALSE
311,117,424,799,Software Developer responsible for building scalable applications and debugging backend systems.,FALSE
312,547,613,786,System Administrator maintaining IT infrastructure and ensuring uptime.,FALSE
313,215,979,340,Data Analyst performing data exploration and generating insights.,FALSE
314,902,123,948,Project Manager managing cross-functional teams and project timelines.,TRUE
315,700,907,787,Cloud Architect developing scalable cloud solutions and ensuring availability.,FALSE
316,987,781,420,Project Manager managing cross-functional teams and project timelines.,TRUE
317,829,240,527,Software Developer responsible for building scalable applications and debugging backend systems.,TRUE
318,998,199,186,Software Developer responsible for building scalable applications and debugging backend systems.,TRUE
319,533,831,643,Project Manager managing cross-functional teams and project timelines.,FALSE
320,748,648,777,Cybersecurity Specialist monitoring threats and securing network systems.,FALSE
321,274,808,47,UI/UX Designer designing intuitive user experiences and interfaces.,TRUE
322,647,866,265,Digital Marketing Executive running campaigns and optimizing digital performance.,TRUE
323,710,814,245,Cloud Architect developing scalable cloud solutions and ensuring availability.,FALSE
324,532,71,769,Software Developer responsible for building scalable applications and debugging backend systems.,TRUE
325,551,755,421,System Administrator maintaining IT infrastructure and ensuring uptime.,FALSE
326,462,475,382,System Administrator maintaining IT infrastructure and ensuring uptime.,TRUE
327,658,541,628,Data Analyst performing data exploration and generating insights.,TRUE
328,301,246,526,Project Manager managing cross-functional teams and project timelines.,TRUE
329,113,730,257,Project Manager managing cross-functional teams and project timelines.,FALSE
330,613,342,698,Business Analyst gathering requirements and supporting data-driven decisions.,TRUE
331,370,571,660,Data Analyst performing data exploration and generating insights.,FALSE
332,520,832,544,UI/UX Designer designing intuitive user experiences and interfaces.,TRUE
333,650,105,911,Project Manager managing cross-functional teams and project timelines.,FALSE
334,620,685,457,Digital Marketing Executive running campaigns and optimizing digital performance.,FALSE
335,958,903,286,Business Analyst gathering requirements and supporting data-driven decisions.,FALSE
336,366,377,487,Product Manager defining product vision and aligning with business goals.,TRUE
337,525,575,227,UI/UX Designer designing intuitive user experiences and interfaces.,FALSE
338,49,678,367,Data Analyst performing data exploration and generating insights.,TRUE
339,342,90,621,UI/UX Designer designing intuitive user experiences and interfaces.,TRUE
340,642,809,837,Cloud Architect developing scalable cloud solutions and ensuring availability.,TRUE
341,323,428,107,Cybersecurity Specialist monitoring threats and securing network systems.,FALSE
342,274,927,448,Project Manager managing cross-functional teams and project timelines.,FALSE
343,414,963,472,Digital Marketing Executive running campaigns and optimizing digital performance.,TRUE
344,254,975,537,UI/UX Designer designing intuitive user experiences and interfaces.,TRUE
345,338,394,753,Project Manager managing cross-functional teams and project timelines.,TRUE
346,607,328,171,Software Developer responsible for building scalable applications and debugging backend systems.,TRUE
347,519,648,100,Cloud Architect developing scalable cloud solutions and ensuring availability.,FALSE
348,320,808,27,Business Analyst gathering requirements and supporting data-driven decisions.,FALSE
349,993,143,332,Cybersecurity Specialist monitoring threats and securing network systems.,FALSE
350,881,190,899,UI/UX Designer designing intuitive user experiences and interfaces.,FALSE
351,692,84,47,Cloud Architect developing scalable cloud solutions and ensuring availability.,FALSE
352,852,607,806,UI/UX Designer designing intuitive user experiences and interfaces.,FALSE
353,624,475,302,System Administrator maintaining IT infrastructure and ensuring uptime.,FALSE
354,294,619,97,Business Analyst gathering requirements and supporting data-driven decisions.,TRUE
355,611,615,760,Business Analyst gathering requirements and supporting data-driven decisions.,FALSE
356,294,534,582,Business Analyst gathering requirements and supporting data-driven decisions.,FALSE
357,74,812,681,Product Manager defining product vision and aligning with business goals.,FALSE
358,451,138,915,Data Analyst performing data exploration and generating insights.,FALSE
359,630,982,7,Project Manager managing cross-functional teams and project timelines.,TRUE
360,551,418,90,Project Manager managing cross-functional teams and project timelines.,TRUE
361,323,736,343,Cloud Architect developing scalable cloud solutions and ensuring availability.,TRUE
362,451,899,365,Cloud Architect developing scalable cloud solutions and ensuring availability.,TRUE
363,746,661,837,Business Analyst gathering requirements and supporting data-driven decisions.,TRUE
364,204,175,669,Data Analyst performing data exploration and generating insights.,TRUE
365,621,81,998,Software Developer responsible for building scalable applications and debugging backend systems.,TRUE
366,194,981,865,Cloud Architect developing scalable cloud solutions and ensuring availability.,TRUE
367,656,569,574,Project Manager managing cross-functional teams and project timelines.,TRUE
368,546,650,431,Digital Marketing Executive running campaigns and optimizing digital performance.,FALSE
369,495,157,138,Product Manager defining product vision and aligning with business goals.,FALSE
370,244,522,976,Project Manager managing cross-functional teams and project timelines.,FALSE
371,855,24,492,Cybersecurity Specialist monitoring threats and securing network systems.,TRUE
372,71,212,109,Project Manager managing cross-functional teams and project timelines.,TRUE
373,729,552,15,Cybersecurity Specialist monitoring threats and securing network systems.,TRUE
374,221,697,602,Project Manager managing cross-functional teams and project timelines.,TRUE
375,816,415,118,Software Developer responsible for building scalable applications and debugging backend systems.,TRUE
376,71,306,341,Product Manager defining product vision and aligning with business goals.,FALSE
377,827,540,404,Project Manager managing cross-functional teams and project timelines.,TRUE
378,906,968,740,Cloud Architect developing scalable cloud solutions and ensuring availability.,TRUE
379,533,356,928,Digital Marketing Executive running campaigns and optimizing digital performance.,TRUE
380,181,289,297,Digital Marketing Executive running campaigns and optimizing digital performance.,FALSE
381,500,203,380,Software Developer responsible for building scalable applications and debugging backend systems.,TRUE
382,682,677,401,Digital Marketing Executive running campaigns and optimizing digital performance.,FALSE
383,316,536,490,UI/UX Designer designing intuitive user experiences and interfaces.,FALSE
384,715,959,476,Project Manager managing cross-functional teams and project timelines.,TRUE
385,432,937,736,Project Manager managing cross-functional teams and project timelines.,TRUE
386,485,686,608,UI/UX Designer designing intuitive user experiences and interfaces.,TRUE
387,756,362,306,Project Manager managing cross-functional teams and project timelines.,FALSE
388,355,70,690,Digital Marketing Executive running campaigns and optimizing digital performance.,TRUE
389,132,741,585,System Administrator maintaining IT infrastructure and ensuring uptime.,FALSE
390,810,458,138,System Administrator maintaining IT infrastructure and ensuring uptime.,FALSE
391,121,593,403,Cybersecurity Specialist monitoring threats and securing network systems.,FALSE
392,411,770,483,Data Analyst performing data exploration and generating insights.,FALSE
393,268,295,272,Software Developer responsible for building scalable applications and debugging backend systems.,FALSE
394,806,185,34,Product Manager defining product vision and aligning with business goals.,FALSE
395,20,984,935,System Administrator maintaining IT infrastructure and ensuring uptime.,FALSE
396,765,372,635,UI/UX Designer designing intuitive user experiences and interfaces.,TRUE
397,105,287,34,Cybersecurity Specialist monitoring threats and securing network systems.,FALSE
398,221,649,892,Business Analyst gathering requirements and supporting data-driven decisions.,FALSE
399,272,236,844,UI/UX Designer designing intuitive user experiences and interfaces.,FALSE
400,446,690,346,Business Analyst gathering requirements and supporting data-driven decisions.,TRUE
401,297,103,310,Cloud Architect developing scalable cloud solutions and ensuring availability.,FALSE
402,709,153,539,Software Developer responsible for building scalable applications and debugging backend systems.,FALSE
403,869,895,724,Digital Marketing Executive running campaigns and optimizing digital performance.,TRUE
404,64,790,983,Business Analyst gathering requirements and supporting data-driven decisions.,FALSE
405,374,237,670,Product Manager defining product vision and aligning with business goals.,FALSE
406,996,735,274,UI/UX Designer designing intuitive user experiences and interfaces.,TRUE
407,732,478,801,Project Manager managing cross-functional teams and project timelines.,FALSE
408,78,953,654,UI/UX Designer designing intuitive user experiences and interfaces.,TRUE
409,807,252,481,Data Analyst performing data exploration and generating insights.,FALSE
410,635,320,444,UI/UX Designer designing intuitive user experiences and interfaces.,TRUE
411,425,389,365,Cybersecurity Specialist monitoring threats and securing network systems.,FALSE
412,250,901,586,Digital Marketing Executive running campaigns and optimizing digital performance.,FALSE
413,710,280,817,Cybersecurity Specialist monitoring threats and securing network systems.,TRUE
414,755,591,245,System Administrator maintaining IT infrastructure and ensuring uptime.,TRUE
415,225,193,344,UI/UX Designer designing intuitive user experiences and interfaces.,TRUE
416,807,982,905,Data Analyst performing data exploration and generating insights.,TRUE
417,833,41,394,Cybersecurity Specialist monitoring threats and securing network systems.,TRUE
418,532,183,791,Data Analyst performing data exploration and generating insights.,TRUE
419,869,911,125,Software Developer responsible for building scalable applications and debugging backend systems.,TRUE
420,671,918,355,Digital Marketing Executive running campaigns and optimizing digital performance.,FALSE
421,978,656,414,UI/UX Designer designing intuitive user experiences and interfaces.,TRUE
422,55,484,519,UI/UX Designer designing intuitive user experiences and interfaces.,FALSE
423,771,562,98,System Administrator maintaining IT infrastructure and ensuring uptime.,FALSE
424,670,62,498,Cloud Architect developing scalable cloud solutions and ensuring availability.,TRUE
425,799,90,661,Business Analyst gathering requirements and supporting data-driven decisions.,FALSE
426,544,924,900,Product Manager defining product vision and aligning with business goals.,TRUE
427,894,78,720,Cybersecurity Specialist monitoring threats and securing network systems.,FALSE
428,444,308,409,Cloud Architect developing scalable cloud solutions and ensuring availability.,TRUE
429,550,783,683,Business Analyst gathering requirements and supporting data-driven decisions.,TRUE
430,311,860,951,Business Analyst gathering requirements and supporting data-driven decisions.,TRUE
431,566,308,167,UI/UX Designer designing intuitive user experiences and interfaces.,FALSE
432,345,92,384,Project Manager managing cross-functional teams and project timelines.,TRUE
433,562,9,814,System Administrator maintaining IT infrastructure and ensuring uptime.,TRUE
434,49,620,367,Business Analyst gathering requirements and supporting data-driven decisions.,TRUE
435,882,114,775,Project Manager managing cross-functional teams and project timelines.,TRUE
436,482,667,388,Business Analyst gathering requirements and supporting data-driven decisions.,TRUE
437,242,453,697,UI/UX Designer designing intuitive user experiences and interfaces.,FALSE
438,110,528,909,Cloud Architect developing scalable cloud solutions and ensuring availability.,TRUE
439,958,496,741,Data Analyst performing data exploration and generating insights.,FALSE
440,882,30,998,Cloud Architect developing scalable cloud solutions and ensuring availability.,TRUE
441,272,968,680,Cloud Architect developing scalable cloud solutions and ensuring availability.,FALSE
442,537,715,493,Project Manager managing cross-functional teams and project timelines.,TRUE
443,747,470,234,Digital Marketing Executive running campaigns and optimizing digital performance.,FALSE
444,418,976,223,UI/UX Designer designing intuitive user experiences and interfaces.,TRUE
445,872,163,120,Digital Marketing Executive running campaigns and optimizing digital performance.,FALSE
446,42,484,49,Cybersecurity Specialist monitoring threats and securing network systems.,FALSE
447,459,290,270,Project Manager managing cross-functional teams and project timelines.,TRUE
448,852,550,344,Digital Marketing Executive running campaigns and optimizing digital performance.,TRUE
449,318,905,804,Cybersecurity Specialist monitoring threats and securing network systems.,TRUE
450,299,635,844,Cloud Architect developing scalable cloud solutions and ensuring availability.,FALSE
451,488,2,401,UI/UX Designer designing intuitive user experiences and interfaces.,TRUE
452,240,215,71,Project Manager managing cross-functional teams and project timelines.,TRUE
453,803,742,8,Data Analyst performing data exploration and generating insights.,TRUE
454,768,902,185,Data Analyst performing data exploration and generating insights.,TRUE
455,329,83,163,Project Manager managing cross-functional teams and project timelines.,TRUE
456,795,895,449,Project Manager managing cross-functional teams and project timelines.,TRUE
457,468,621,691,Cybersecurity Specialist monitoring threats and securing network systems.,FALSE
458,410,895,85,Product Manager defining product vision and aligning with business goals.,TRUE
459,502,651,351,Software Developer responsible for building scalable applications and debugging backend systems.,FALSE
460,873,705,9,System Administrator maintaining IT infrastructure and ensuring uptime.,FALSE
461,374,989,62,Digital Marketing Executive running campaigns and optimizing digital performance.,FALSE
462,895,508,867,Software Developer responsible for building scalable applications and debugging backend systems.,FALSE
463,759,757,382,UI/UX Designer designing intuitive user experiences and interfaces.,FALSE
464,19,66,609,Cybersecurity Specialist monitoring threats and securing network systems.,TRUE
465,573,148,107,Business Analyst gathering requirements and supporting data-driven decisions.,TRUE
466,492,293,667,Product Manager defining product vision and aligning with business goals.,FALSE
467,635,722,370,Business Analyst gathering requirements and supporting data-driven decisions.,TRUE
468,333,92,654,Software Developer responsible for building scalable applications and debugging backend systems.,FALSE
469,372,249,576,Data Analyst performing data exploration and generating insights.,FALSE
470,137,589,90,Digital Marketing Executive running campaigns and optimizing digital performance.,TRUE
471,709,744,553,Business Analyst gathering requirements and supporting data-driven decisions.,TRUE
472,895,547,37,Business Analyst gathering requirements and supporting data-driven decisions.,FALSE
473,574,294,885,Product Manager defining product vision and aligning with business goals.,FALSE
474,903,631,202,Software Developer responsible for building scalable applications and debugging backend systems.,FALSE
475,729,377,438,System Administrator maintaining IT infrastructure and ensuring uptime.,FALSE
476,479,238,258,System Administrator maintaining IT infrastructure and ensuring uptime.,TRUE
477,502,286,447,Cybersecurity Specialist monitoring threats and securing network systems.,TRUE
478,748,507,627,Project Manager managing cross-functional teams and project timelines.,FALSE
479,931,861,436,Digital Marketing Executive running campaigns and optimizing digital performance.,FALSE
480,968,938,14,Cybersecurity Specialist monitoring threats and securing network systems.,TRUE
481,260,465,469,Cloud Architect developing scalable cloud solutions and ensuring availability.,FALSE
482,104,633,262,Business Analyst gathering requirements and supporting data-driven decisions.,FALSE
483,911,428,169,UI/UX Designer designing intuitive user experiences and interfaces.,FALSE
484,322,804,239,Data Analyst performing data exploration and generating insights.,TRUE
485,385,117,947,UI/UX Designer designing intuitive user experiences and interfaces.,TRUE
486,540,209,845,Software Developer responsible for building scalable applications and debugging backend systems.,FALSE
487,455,680,68,Cybersecurity Specialist monitoring threats and securing network systems.,FALSE
488,825,808,395,Digital Marketing Executive running campaigns and optimizing digital performance.,FALSE
489,274,379,172,UI/UX Designer designing intuitive user experiences and interfaces.,TRUE
490,382,991,950,Cloud Architect developing scalable cloud solutions and ensuring availability.,FALSE
491,924,877,369,UI/UX Designer designing intuitive user experiences and interfaces.,FALSE
492,26,574,98,Cybersecurity Specialist monitoring threats and securing network systems.,TRUE
493,685,890,906,Cloud Architect developing scalable cloud solutions and ensuring availability.,TRUE
494,408,939,644,Digital Marketing Executive running campaigns and optimizing digital performance.,TRUE
495,730,973,546,Cybersecurity Specialist monitoring threats and securing network systems.,FALSE
496,63,997,955,Data Analyst performing data exploration and generating insights.,FALSE
497,471,205,253,Data Analyst performing data exploration and generating insights.,FALSE
498,271,49,300,Product Manager defining product vision and aligning with business goals.,FALSE
499,942,327,296,Cybersecurity Specialist monitoring threats and securing network systems.,FALSE
500,535,958,412,Digital Marketing Executive running campaigns and optimizing digital performance.,TRUE
501,188,21,838,Data Analyst performing data exploration and generating insights.,FALSE
502,465,327,446,System Administrator maintaining IT infrastructure and ensuring uptime.,FALSE
503,6,501,416,Business Analyst gathering requirements and supporting data-driven decisions.,TRUE
504,899,168,435,Business Analyst gathering requirements and supporting data-driven decisions.,TRUE
505,105,807,330,UI/UX Designer designing intuitive user experiences and interfaces.,FALSE
506,565,722,995,Business Analyst gathering requirements and supporting data-driven decisions.,FALSE
507,48,316,332,Data Analyst performing data exploration and generating insights.,FALSE
508,610,499,681,Product Manager defining product vision and aligning with business goals.,FALSE
509,331,637,536,Business Analyst gathering requirements and supporting data-driven decisions.,FALSE
510,801,627,862,Product Manager defining product vision and aligning with business goals.,TRUE
511,656,873,987,Data Analyst performing data exploration and generating insights.,FALSE
512,567,814,542,Project Manager managing cross-functional teams and project timelines.,TRUE
513,247,155,81,UI/UX Designer designing intuitive user experiences and interfaces.,TRUE
514,485,442,824,Data Analyst performing data exploration and generating insights.,TRUE
515,685,632,872,Digital Marketing Executive running campaigns and optimizing digital performance.,TRUE
516,594,289,693,Business Analyst gathering requirements and supporting data-driven decisions.,FALSE
517,422,742,954,Project Manager managing cross-functional teams and project timelines.,TRUE
518,533,516,484,Cybersecurity Specialist monitoring threats and securing network systems.,FALSE
519,956,948,193,Project Manager managing cross-functional teams and project timelines.,FALSE
520,776,149,641,Cybersecurity Specialist monitoring threats and securing network systems.,TRUE
521,909,45,704,Data Analyst performing data exploration and generating insights.,TRUE
522,789,260,76,Data Analyst performing data exploration and generating insights.,TRUE
523,489,16,2,Project Manager managing cross-functional teams and project timelines.,FALSE
524,596,651,111,Data Analyst performing data exploration and generating insights.,FALSE
525,20,6,426,Digital Marketing Executive running campaigns and optimizing digital performance.,TRUE
526,891,532,128,System Administrator maintaining IT infrastructure and ensuring uptime.,TRUE
527,829,476,357,Digital Marketing Executive running campaigns and optimizing digital performance.,TRUE
528,525,312,190,Cybersecurity Specialist monitoring threats and securing network systems.,FALSE
529,321,52,161,Product Manager defining product vision and aligning with business goals.,TRUE
530,153,115,18,Cloud Architect developing scalable cloud solutions and ensuring availability.,FALSE
531,169,456,114,Product Manager defining product vision and aligning with business goals.,FALSE
532,109,960,819,Project Manager managing cross-functional teams and project timelines.,TRUE
533,316,3,782,Data Analyst performing data exploration and generating insights.,FALSE
534,185,873,528,Data Analyst performing data exploration and generating insights.,TRUE
535,842,60,393,Cybersecurity Specialist monitoring threats and securing network systems.,FALSE
536,882,296,644,Data Analyst performing data exploration and generating insights.,TRUE
537,173,873,540,Digital Marketing Executive running campaigns and optimizing digital performance.,FALSE
538,997,818,600,Software Developer responsible for building scalable applications and debugging backend systems.,TRUE
539,599,366,168,Product Manager defining product vision and aligning with business goals.,TRUE
540,151,379,124,Business Analyst gathering requirements and supporting data-driven decisions.,TRUE
541,186,627,852,Data Analyst performing data exploration and generating insights.,FALSE
542,818,115,749,Product Manager defining product vision and aligning with business goals.,FALSE
543,362,127,864,Cloud Architect developing scalable cloud solutions and ensuring availability.,FALSE
544,349,295,648,System Administrator maintaining IT infrastructure and ensuring uptime.,FALSE
545,548,942,904,Project Manager managing cross-functional teams and project timelines.,FALSE
546,815,264,931,Project Manager managing cross-functional teams and project timelines.,FALSE
547,536,173,106,Product Manager defining product vision and aligning with business goals.,FALSE
548,525,929,661,Cloud Architect developing scalable cloud solutions and ensuring availability.,TRUE
549,424,611,891,Business Analyst gathering requirements and supporting data-driven decisions.,TRUE
550,656,695,525,Cybersecurity Specialist monitoring threats and securing network systems.,TRUE
551,858,88,890,Software Developer responsible for building scalable applications and debugging backend systems.,FALSE
552,131,523,862,Project Manager managing cross-functional teams and project timelines.,FALSE
553,166,651,496,UI/UX Designer designing intuitive user experiences and interfaces.,TRUE
554,174,277,266,Product Manager defining product vision and aligning with business goals.,FALSE
555,809,486,541,Digital Marketing Executive running campaigns and optimizing digital performance.,TRUE
556,726,938,502,Business Analyst gathering requirements and supporting data-driven decisions.,FALSE
557,184,925,21,Project Manager managing cross-functional teams and project timelines.,TRUE
558,96,350,990,Cybersecurity Specialist monitoring threats and securing network systems.,TRUE
559,837,827,337,Product Manager defining product vision and aligning with business goals.,TRUE
560,110,997,531,System Administrator maintaining IT infrastructure and ensuring uptime.,TRUE
561,409,175,920,UI/UX Designer designing intuitive user experiences and interfaces.,FALSE
562,56,866,138,Project Manager managing cross-functional teams and project timelines.,TRUE
563,45,287,908,Project Manager managing cross-functional teams and project timelines.,FALSE
564,419,495,224,Data Analyst performing data exploration and generating insights.,TRUE
565,137,627,13,UI/UX Designer designing intuitive user experiences and interfaces.,TRUE
566,749,908,705,Data Analyst performing data exploration and generating insights.,FALSE
567,218,327,1000,UI/UX Designer designing intuitive user experiences and interfaces.,FALSE
568,317,586,129,Software Developer responsible for building scalable applications and debugging backend systems.,TRUE
569,450,785,135,Data Analyst performing data exploration and generating insights.,TRUE
570,422,272,230,Software Developer responsible for building scalable applications and debugging backend systems.,TRUE
571,917,323,568,Cybersecurity Specialist monitoring threats and securing network systems.,FALSE
572,738,557,818,Cybersecurity Specialist monitoring threats and securing network systems.,FALSE
573,957,441,396,Business Analyst gathering requirements and supporting data-driven decisions.,TRUE
574,80,345,583,Project Manager managing cross-functional teams and project timelines.,FALSE
575,527,889,317,Digital Marketing Executive running campaigns and optimizing digital performance.,FALSE
576,148,700,595,Cybersecurity Specialist monitoring threats and securing network systems.,FALSE
577,816,364,483,Software Developer responsible for building scalable applications and debugging backend systems.,TRUE
578,138,66,314,Digital Marketing Executive running campaigns and optimizing digital performance.,TRUE
579,129,851,892,Data Analyst performing data exploration and generating insights.,FALSE
580,862,880,491,Cloud Architect developing scalable cloud solutions and ensuring availability.,TRUE
581,506,9,507,Cybersecurity Specialist monitoring threats and securing network systems.,TRUE
582,430,946,137,Project Manager managing cross-functional teams and project timelines.,TRUE
583,521,826,596,Product Manager defining product vision and aligning with business goals.,FALSE
584,219,593,986,Data Analyst performing data exploration and generating insights.,FALSE
585,694,176,594,System Administrator maintaining IT infrastructure and ensuring uptime.,TRUE
586,829,840,445,Software Developer responsible for building scalable applications and debugging backend systems.,FALSE
587,997,673,711,Project Manager managing cross-functional teams and project timelines.,TRUE
588,689,454,750,Project Manager managing cross-functional teams and project timelines.,FALSE
589,587,890,730,Product Manager defining product vision and aligning with business goals.,FALSE
590,436,767,158,Business Analyst gathering requirements and supporting data-driven decisions.,FALSE
591,207,276,428,Data Analyst performing data exploration and generating insights.,FALSE
592,19,91,197,Software Developer responsible for building scalable applications and debugging backend systems.,TRUE
593,595,88,641,Product Manager defining product vision and aligning with business goals.,FALSE
594,381,464,143,Cloud Architect developing scalable cloud solutions and ensuring availability.,TRUE
595,493,584,501,Digital Marketing Executive running campaigns and optimizing digital performance.,FALSE
596,555,688,651,Project Manager managing cross-functional teams and project timelines.,TRUE
597,476,644,966,Product Manager defining product vision and aligning with business goals.,FALSE
598,309,317,199,Product Manager defining product vision and aligning with business goals.,TRUE
599,869,748,161,Project Manager managing cross-functional teams and project timelines.,FALSE
600,480,199,69,Digital Marketing Executive running campaigns and optimizing digital performance.,FALSE
601,8,311,864,System Administrator maintaining IT infrastructure and ensuring uptime.,FALSE
602,864,846,999,Product Manager defining product vision and aligning with business goals.,TRUE
603,589,822,694,Business Analyst gathering requirements and supporting data-driven decisions.,TRUE
604,583,740,170,Cybersecurity Specialist monitoring threats and securing network systems.,TRUE
605,469,636,617,Project Manager managing cross-functional teams and project timelines.,TRUE
606,755,188,967,Data Analyst performing data exploration and generating insights.,FALSE
607,959,241,92,Cybersecurity Specialist monitoring threats and securing network systems.,FALSE
608,613,769,129,Business Analyst gathering requirements and supporting data-driven decisions.,FALSE
609,734,348,761,Digital Marketing Executive running campaigns and optimizing digital performance.,FALSE
610,40,57,489,Digital Marketing Executive running campaigns and optimizing digital performance.,FALSE
611,935,578,81,Cybersecurity Specialist monitoring threats and securing network systems.,FALSE
612,703,522,823,Business Analyst gathering requirements and supporting data-driven decisions.,TRUE
613,776,305,852,Product Manager defining product vision and aligning with business goals.,FALSE
614,947,637,36,Cloud Architect developing scalable cloud solutions and ensuring availability.,FALSE
615,53,369,452,System Administrator maintaining IT infrastructure and ensuring uptime.,TRUE
616,93,901,990,UI/UX Designer designing intuitive user experiences and interfaces.,TRUE
617,949,254,638,Business Analyst gathering requirements and supporting data-driven decisions.,FALSE
618,742,661,845,Project Manager managing cross-functional teams and project timelines.,TRUE
619,656,649,56,Project Manager managing cross-functional teams and project timelines.,FALSE
620,629,474,578,Cybersecurity Specialist monitoring threats and securing network systems.,FALSE
621,290,562,883,Data Analyst performing data exploration and generating insights.,TRUE
622,29,329,277,Product Manager defining product vision and aligning with business goals.,TRUE
623,660,141,911,Software Developer responsible for building scalable applications and debugging backend systems.,TRUE
624,87,562,592,UI/UX Designer designing intuitive user experiences and interfaces.,FALSE
625,642,221,935,Business Analyst gathering requirements and supporting data-driven decisions.,TRUE
626,973,745,740,Digital Marketing Executive running campaigns and optimizing digital performance.,TRUE
627,555,637,980,Cloud Architect developing scalable cloud solutions and ensuring availability.,TRUE
628,7,996,684,Software Developer responsible for building scalable applications and debugging backend systems.,TRUE
629,704,758,439,UI/UX Designer designing intuitive user experiences and interfaces.,TRUE
630,948,648,648,Digital Marketing Executive running campaigns and optimizing digital performance.,FALSE
631,900,242,221,Digital Marketing Executive running campaigns and optimizing digital performance.,TRUE
632,794,138,509,Digital Marketing Executive running campaigns and optimizing digital performance.,FALSE
633,797,205,238,UI/UX Designer designing intuitive user experiences and interfaces.,FALSE
634,38,455,295,Product Manager defining product vision and aligning with business goals.,FALSE
635,419,601,246,UI/UX Designer designing intuitive user experiences and interfaces.,TRUE
636,401,421,909,Cloud Architect developing scalable cloud solutions and ensuring availability.,FALSE
637,385,693,4,System Administrator maintaining IT infrastructure and ensuring uptime.,TRUE
638,895,841,583,Project Manager managing cross-functional teams and project timelines.,TRUE
639,787,200,669,Business Analyst gathering requirements and supporting data-driven decisions.,FALSE
640,928,645,580,Software Developer responsible for building scalable applications and debugging backend systems.,TRUE
641,811,391,968,Cloud Architect developing scalable cloud solutions and ensuring availability.,TRUE
642,23,985,960,Digital Marketing Executive running campaigns and optimizing digital performance.,FALSE
643,748,273,691,Digital Marketing Executive running campaigns and optimizing digital performance.,TRUE
644,107,304,12,UI/UX Designer designing intuitive user experiences and interfaces.,TRUE
645,657,999,725,Project Manager managing cross-functional teams and project timelines.,TRUE
646,165,387,425,Project Manager managing cross-functional teams and project timelines.,FALSE
647,505,854,302,Project Manager managing cross-functional teams and project timelines.,TRUE
648,567,246,322,Cloud Architect developing scalable cloud solutions and ensuring availability.,FALSE
649,884,347,709,System Administrator maintaining IT infrastructure and ensuring uptime.,FALSE
650,296,257,851,Product Manager defining product vision and aligning with business goals.,FALSE
651,637,128,852,UI/UX Designer designing intuitive user experiences and interfaces.,FALSE
652,573,924,288,Business Analyst gathering requirements and supporting data-driven decisions.,TRUE
653,832,621,282,Digital Marketing Executive running campaigns and optimizing digital performance.,FALSE
654,620,168,433,System Administrator maintaining IT infrastructure and ensuring uptime.,FALSE
655,353,401,108,Cloud Architect developing scalable cloud solutions and ensuring availability.,FALSE
656,184,386,947,UI/UX Designer designing intuitive user experiences and interfaces.,FALSE
657,724,77,696,UI/UX Designer designing intuitive user experiences and interfaces.,FALSE
658,555,206,401,Digital Marketing Executive running campaigns and optimizing digital performance.,FALSE
659,753,956,233,Cybersecurity Specialist monitoring threats and securing network systems.,FALSE
660,779,383,548,Cloud Architect developing scalable cloud solutions and ensuring availability.,FALSE
661,481,945,236,Business Analyst gathering requirements and supporting data-driven decisions.,FALSE
662,618,174,774,Project Manager managing cross-functional teams and project timelines.,TRUE
663,221,541,940,Digital Marketing Executive running campaigns and optimizing digital performance.,FALSE
664,446,911,153,Project Manager managing cross-functional teams and project timelines.,TRUE
665,416,329,504,System Administrator maintaining IT infrastructure and ensuring uptime.,TRUE
666,567,40,711,Business Analyst gathering requirements and supporting data-driven decisions.,FALSE
667,716,204,445,Data Analyst performing data exploration and generating insights.,FALSE
668,13,179,88,Product Manager defining product vision and aligning with business goals.,FALSE
669,698,810,923,UI/UX Designer designing intuitive user experiences and interfaces.,FALSE
670,863,353,819,Cybersecurity Specialist monitoring threats and securing network systems.,TRUE
671,775,566,673,Product Manager defining product vision and aligning with business goals.,TRUE
672,222,30,775,Cybersecurity Specialist monitoring threats and securing network systems.,FALSE
673,340,26,997,Cybersecurity Specialist monitoring threats and securing network systems.,TRUE
674,992,277,840,Software Developer responsible for building scalable applications and debugging backend systems.,TRUE
675,527,975,97,UI/UX Designer designing intuitive user experiences and interfaces.,TRUE
676,799,205,458,Product Manager defining product vision and aligning with business goals.,TRUE
677,183,354,220,Software Developer responsible for building scalable applications and debugging backend systems.,FALSE
678,774,618,821,Data Analyst performing data exploration and generating insights.,TRUE
679,918,222,41,Digital Marketing Executive running campaigns and optimizing digital performance.,FALSE
680,884,358,103,Business Analyst gathering requirements and supporting data-driven decisions.,TRUE
681,311,638,697,Digital Marketing Executive running campaigns and optimizing digital performance.,TRUE
682,156,395,995,System Administrator maintaining IT infrastructure and ensuring uptime.,TRUE
683,797,259,88,System Administrator maintaining IT infrastructure and ensuring uptime.,FALSE
684,71,613,122,System Administrator maintaining IT infrastructure and ensuring uptime.,TRUE
685,638,682,781,Digital Marketing Executive running campaigns and optimizing digital performance.,FALSE
686,452,153,315,Software Developer responsible for building scalable applications and debugging backend systems.,TRUE
687,899,249,723,Digital Marketing Executive running campaigns and optimizing digital performance.,TRUE
688,459,469,747,Business Analyst gathering requirements and supporting data-driven decisions.,FALSE
689,421,425,379,Digital Marketing Executive running campaigns and optimizing digital performance.,FALSE
690,950,610,476,Software Developer responsible for building scalable applications and debugging backend systems.,TRUE
691,906,148,325,UI/UX Designer designing intuitive user experiences and interfaces.,FALSE
692,969,195,997,Product Manager defining product vision and aligning with business goals.,TRUE
693,686,58,973,UI/UX Designer designing intuitive user experiences and interfaces.,FALSE
694,388,304,219,Digital Marketing Executive running campaigns and optimizing digital performance.,TRUE
695,714,134,966,Business Analyst gathering requirements and supporting data-driven decisions.,FALSE
696,666,503,578,Cybersecurity Specialist monitoring threats and securing network systems.,TRUE
697,78,134,552,Project Manager managing cross-functional teams and project timelines.,FALSE
698,992,815,653,Data Analyst performing data exploration and generating insights.,FALSE
699,821,823,795,Data Analyst performing data exploration and generating insights.,FALSE
700,164,864,720,Business Analyst gathering requirements and supporting data-driven decisions.,FALSE
701,61,396,746,System Administrator maintaining IT infrastructure and ensuring uptime.,TRUE
702,156,42,451,UI/UX Designer designing intuitive user experiences and interfaces.,TRUE
703,878,557,159,Data Analyst performing data exploration and generating insights.,FALSE
704,311,76,142,Digital Marketing Executive running campaigns and optimizing digital performance.,FALSE
705,745,780,91,Software Developer responsible for building scalable applications and debugging backend systems.,TRUE
706,172,630,59,Business Analyst gathering requirements and supporting data-driven decisions.,TRUE
707,964,6,212,Cloud Architect developing scalable cloud solutions and ensuring availability.,FALSE
708,328,637,577,Cybersecurity Specialist monitoring threats and securing network systems.,TRUE
709,54,594,647,Product Manager defining product vision and aligning with business goals.,FALSE
710,708,400,745,Business Analyst gathering requirements and supporting data-driven decisions.,TRUE
711,577,356,352,Product Manager defining product vision and aligning with business goals.,TRUE
712,329,512,873,UI/UX Designer designing intuitive user experiences and interfaces.,FALSE
713,803,243,485,System Administrator maintaining IT infrastructure and ensuring uptime.,TRUE
714,25,740,340,Data Analyst performing data exploration and generating insights.,FALSE
715,106,635,450,Product Manager defining product vision and aligning with business goals.,TRUE
716,506,468,714,Project Manager managing cross-functional teams and project timelines.,FALSE
717,913,522,892,Product Manager defining product vision and aligning with business goals.,FALSE
718,76,478,692,Data Analyst performing data exploration and generating insights.,FALSE
719,951,299,131,Product Manager defining product vision and aligning with business goals.,FALSE
720,122,678,32,Cybersecurity Specialist monitoring threats and securing network systems.,FALSE
721,424,491,749,System Administrator maintaining IT infrastructure and ensuring uptime.,TRUE
722,348,488,309,Business Analyst gathering requirements and supporting data-driven decisions.,TRUE
723,901,226,997,Cybersecurity Specialist monitoring threats and securing network systems.,TRUE
724,590,834,297,Cloud Architect developing scalable cloud solutions and ensuring availability.,FALSE
725,254,349,105,Cloud Architect developing scalable cloud solutions and ensuring availability.,TRUE
726,11,719,999,Software Developer responsible for building scalable applications and debugging backend systems.,TRUE
727,257,540,284,Cybersecurity Specialist monitoring threats and securing network systems.,FALSE
728,71,660,858,Cloud Architect developing scalable cloud solutions and ensuring availability.,TRUE
729,728,105,46,Cybersecurity Specialist monitoring threats and securing network systems.,TRUE
730,51,317,859,Business Analyst gathering requirements and supporting data-driven decisions.,FALSE
731,803,528,3,System Administrator maintaining IT infrastructure and ensuring uptime.,FALSE
732,929,872,870,Business Analyst gathering requirements and supporting data-driven decisions.,TRUE
733,734,756,254,Cybersecurity Specialist monitoring threats and securing network systems.,TRUE
734,206,523,205,Digital Marketing Executive running campaigns and optimizing digital performance.,FALSE
735,458,552,751,Software Developer responsible for building scalable applications and debugging backend systems.,FALSE
736,226,139,515,Business Analyst gathering requirements and supporting data-driven decisions.,FALSE
737,563,830,308,Digital Marketing Executive running campaigns and optimizing digital performance.,TRUE
738,988,262,5,Cybersecurity Specialist monitoring threats and securing network systems.,TRUE
739,514,87,848,System Administrator maintaining IT infrastructure and ensuring uptime.,TRUE
740,894,420,500,Cloud Architect developing scalable cloud solutions and ensuring availability.,TRUE
741,758,609,11,Business Analyst gathering requirements and supporting data-driven decisions.,FALSE
742,660,407,739,Cybersecurity Specialist monitoring threats and securing network systems.,TRUE
743,286,453,34,System Administrator maintaining IT infrastructure and ensuring uptime.,FALSE
744,711,719,618,Cloud Architect developing scalable cloud solutions and ensuring availability.,TRUE
745,281,608,372,Data Analyst performing data exploration and generating insights.,TRUE
746,326,355,877,Data Analyst performing data exploration and generating insights.,FALSE
747,710,997,561,UI/UX Designer designing intuitive user experiences and interfaces.,TRUE
748,250,744,928,Data Analyst performing data exploration and generating insights.,TRUE
749,539,458,926,Business Analyst gathering requirements and supporting data-driven decisions.,TRUE
750,727,713,954,Business Analyst gathering requirements and supporting data-driven decisions.,TRUE
751,177,111,697,Data Analyst performing data exploration and generating insights.,FALSE
752,733,832,464,Data Analyst performing data exploration and generating insights.,TRUE
753,880,15,464,Software Developer responsible for building scalable applications and debugging backend systems.,TRUE
754,669,121,105,Software Developer responsible for building scalable applications and debugging backend systems.,FALSE
755,30,576,102,Cybersecurity Specialist monitoring threats and securing network systems.,TRUE
756,598,892,48,UI/UX Designer designing intuitive user experiences and interfaces.,FALSE
757,550,190,60,Cloud Architect developing scalable cloud solutions and ensuring availability.,TRUE
758,727,35,544,Project Manager managing cross-functional teams and project timelines.,TRUE
759,809,496,603,Software Developer responsible for building scalable applications and debugging backend systems.,TRUE
760,578,496,901,Data Analyst performing data exploration and generating insights.,TRUE
761,4,902,28,Product Manager defining product vision and aligning with business goals.,TRUE
762,399,201,586,UI/UX Designer designing intuitive user experiences and interfaces.,TRUE
763,394,809,128,UI/UX Designer designing intuitive user experiences and interfaces.,TRUE
764,819,393,27,Product Manager defining product vision and aligning with business goals.,TRUE
765,544,332,154,Product Manager defining product vision and aligning with business goals.,TRUE
766,730,358,808,UI/UX Designer designing intuitive user experiences and interfaces.,FALSE
767,203,143,462,Cybersecurity Specialist monitoring threats and securing network systems.,FALSE
768,937,606,283,System Administrator maintaining IT infrastructure and ensuring uptime.,TRUE
769,282,422,850,Software Developer responsible for building scalable applications and debugging backend systems.,TRUE
770,763,589,414,Digital Marketing Executive running campaigns and optimizing digital performance.,FALSE
771,847,842,127,Cybersecurity Specialist monitoring threats and securing network systems.,FALSE
772,205,202,439,Software Developer responsible for building scalable applications and debugging backend systems.,FALSE
773,595,976,967,Product Manager defining product vision and aligning with business goals.,FALSE
774,548,597,642,Product Manager defining product vision and aligning with business goals.,FALSE
775,882,35,946,Cybersecurity Specialist monitoring threats and securing network systems.,TRUE
776,487,948,988,Cybersecurity Specialist monitoring threats and securing network systems.,FALSE
777,723,380,580,Project Manager managing cross-functional teams and project timelines.,TRUE
778,398,227,303,UI/UX Designer designing intuitive user experiences and interfaces.,TRUE
779,66,933,607,Digital Marketing Executive running campaigns and optimizing digital performance.,TRUE
780,739,678,548,System Administrator maintaining IT infrastructure and ensuring uptime.,FALSE
781,14,945,415,Cloud Architect developing scalable cloud solutions and ensuring availability.,TRUE
782,198,553,543,System Administrator maintaining IT infrastructure and ensuring uptime.,TRUE
783,75,877,246,Cybersecurity Specialist monitoring threats and securing network systems.,TRUE
784,262,632,482,Data Analyst performing data exploration and generating insights.,TRUE
785,352,57,452,UI/UX Designer designing intuitive user experiences and interfaces.,TRUE
786,547,903,526,Cybersecurity Specialist monitoring threats and securing network systems.,TRUE
787,428,221,723,Project Manager managing cross-functional teams and project timelines.,FALSE
788,383,817,542,Cloud Architect developing scalable cloud solutions and ensuring availability.,FALSE
789,156,830,756,Software Developer responsible for building scalable applications and debugging backend systems.,TRUE
790,650,723,504,Project Manager managing cross-functional teams and project timelines.,TRUE
791,140,857,259,Business Analyst gathering requirements and supporting data-driven decisions.,TRUE
792,785,779,250,Cybersecurity Specialist monitoring threats and securing network systems.,TRUE
793,249,22,614,Product Manager defining product vision and aligning with business goals.,FALSE
794,612,348,856,UI/UX Designer designing intuitive user experiences and interfaces.,TRUE
795,651,726,562,Cybersecurity Specialist monitoring threats and securing network systems.,TRUE
796,309,784,304,Software Developer responsible for building scalable applications and debugging backend systems.,TRUE
797,397,319,208,System Administrator maintaining IT infrastructure and ensuring uptime.,FALSE
798,444,217,789,Data Analyst performing data exploration and generating insights.,FALSE
799,946,726,109,System Administrator maintaining IT infrastructure and ensuring uptime.,FALSE
800,218,37,422,Product Manager defining product vision and aligning with business goals.,FALSE
801,844,349,360,Product Manager defining product vision and aligning with business goals.,TRUE
802,554,748,545,Software Developer responsible for building scalable applications and debugging backend systems.,FALSE
803,836,773,217,UI/UX Designer designing intuitive user experiences and interfaces.,TRUE
804,510,397,724,Product Manager defining product vision and aligning with business goals.,TRUE
805,334,256,181,Product Manager defining product vision and aligning with business goals.,TRUE
806,49,421,813,System Administrator maintaining IT infrastructure and ensuring uptime.,FALSE
807,634,673,770,Data Analyst performing data exploration and generating insights.,TRUE
808,828,776,296,Data Analyst performing data exploration and generating insights.,FALSE
809,667,439,27,Project Manager managing cross-functional teams and project timelines.,TRUE
810,266,526,459,Digital Marketing Executive running campaigns and optimizing digital performance.,FALSE
811,203,94,794,Digital Marketing Executive running campaigns and optimizing digital performance.,FALSE
812,240,551,715,System Administrator maintaining IT infrastructure and ensuring uptime.,FALSE
813,371,177,492,Software Developer responsible for building scalable applications and debugging backend systems.,TRUE
814,129,451,721,Business Analyst gathering requirements and supporting data-driven decisions.,TRUE
815,369,730,462,Software Developer responsible for building scalable applications and debugging backend systems.,TRUE
816,457,456,525,Software Developer responsible for building scalable applications and debugging backend systems.,TRUE
817,293,425,591,Business Analyst gathering requirements and supporting data-driven decisions.,TRUE
818,385,130,298,Cloud Architect developing scalable cloud solutions and ensuring availability.,TRUE
819,152,282,333,Cybersecurity Specialist monitoring threats and securing network systems.,FALSE
820,669,18,282,Software Developer responsible for building scalable applications and debugging backend systems.,FALSE
821,28,237,540,Digital Marketing Executive running campaigns and optimizing digital performance.,FALSE
822,947,621,440,Business Analyst gathering requirements and supporting data-driven decisions.,FALSE
823,658,402,533,UI/UX Designer designing intuitive user experiences and interfaces.,TRUE
824,408,641,605,Product Manager defining product vision and aligning with business goals.,FALSE
825,847,715,957,Project Manager managing cross-functional teams and project timelines.,FALSE
826,523,679,241,Data Analyst performing data exploration and generating insights.,TRUE
827,73,753,980,System Administrator maintaining IT infrastructure and ensuring uptime.,TRUE
828,963,25,958,System Administrator maintaining IT infrastructure and ensuring uptime.,FALSE
829,764,730,202,Product Manager defining product vision and aligning with business goals.,FALSE
830,164,806,701,Project Manager managing cross-functional teams and project timelines.,TRUE
831,680,196,728,Cybersecurity Specialist monitoring threats and securing network systems.,FALSE
832,297,326,197,Digital Marketing Executive running campaigns and optimizing digital performance.,FALSE
833,460,562,350,System Administrator maintaining IT infrastructure and ensuring uptime.,TRUE
834,974,93,962,System Administrator maintaining IT infrastructure and ensuring uptime.,TRUE
835,612,761,237,Project Manager managing cross-functional teams and project timelines.,TRUE
836,889,345,222,Cloud Architect developing scalable cloud solutions and ensuring availability.,TRUE
837,885,120,670,Product Manager defining product vision and aligning with business goals.,TRUE
838,439,824,952,System Administrator maintaining IT infrastructure and ensuring uptime.,TRUE
839,404,521,535,UI/UX Designer designing intuitive user experiences and interfaces.,FALSE
840,226,157,529,Product Manager defining product vision and aligning with business goals.,TRUE
841,443,777,501,UI/UX Designer designing intuitive user experiences and interfaces.,TRUE
842,155,122,918,Data Analyst performing data exploration and generating insights.,TRUE
843,914,691,184,Project Manager managing cross-functional teams and project timelines.,FALSE
844,42,317,631,UI/UX Designer designing intuitive user experiences and interfaces.,TRUE
845,7,98,729,UI/UX Designer designing intuitive user experiences and interfaces.,TRUE
846,687,658,717,Product Manager defining product vision and aligning with business goals.,TRUE
847,74,630,374,Software Developer responsible for building scalable applications and debugging backend systems.,FALSE
848,304,350,948,Project Manager managing cross-functional teams and project timelines.,TRUE
849,357,696,616,System Administrator maintaining IT infrastructure and ensuring uptime.,FALSE
850,349,839,439,Data Analyst performing data exploration and generating insights.,TRUE
851,985,58,286,Project Manager managing cross-functional teams and project timelines.,TRUE
852,321,307,387,Cloud Architect developing scalable cloud solutions and ensuring availability.,TRUE
853,75,423,275,System Administrator maintaining IT infrastructure and ensuring uptime.,FALSE
854,446,940,611,System Administrator maintaining IT infrastructure and ensuring uptime.,TRUE
855,566,847,211,Data Analyst performing data exploration and generating insights.,TRUE
856,657,138,161,Cloud Architect developing scalable cloud solutions and ensuring availability.,TRUE
857,391,243,176,Software Developer responsible for building scalable applications and debugging backend systems.,FALSE
858,829,509,230,System Administrator maintaining IT infrastructure and ensuring uptime.,FALSE
859,194,99,444,Digital Marketing Executive running campaigns and optimizing digital performance.,TRUE
860,252,335,528,Business Analyst gathering requirements and supporting data-driven decisions.,TRUE
861,509,583,95,Business Analyst gathering requirements and supporting data-driven decisions.,FALSE
862,770,858,748,Product Manager defining product vision and aligning with business goals.,TRUE
863,138,21,95,Data Analyst performing data exploration and generating insights.,FALSE
864,122,134,958,Digital Marketing Executive running campaigns and optimizing digital performance.,TRUE
865,899,106,116,Data Analyst performing data exploration and generating insights.,TRUE
866,582,365,620,Project Manager managing cross-functional teams and project timelines.,FALSE
867,796,132,574,Cybersecurity Specialist monitoring threats and securing network systems.,FALSE
868,268,573,718,Data Analyst performing data exploration and generating insights.,TRUE
869,73,605,566,Digital Marketing Executive running campaigns and optimizing digital performance.,TRUE
870,867,566,164,Data Analyst performing data exploration and generating insights.,FALSE
871,257,95,449,Digital Marketing Executive running campaigns and optimizing digital performance.,FALSE
872,401,906,645,Cloud Architect developing scalable cloud solutions and ensuring availability.,TRUE
873,720,194,916,Cloud Architect developing scalable cloud solutions and ensuring availability.,TRUE
874,702,938,843,Data Analyst performing data exploration and generating insights.,TRUE
875,363,715,15,Software Developer responsible for building scalable applications and debugging backend systems.,TRUE
876,168,551,644,Product Manager defining product vision and aligning with business goals.,TRUE
877,375,66,734,Cloud Architect developing scalable cloud solutions and ensuring availability.,FALSE
878,52,491,758,Digital Marketing Executive running campaigns and optimizing digital performance.,FALSE
879,40,536,895,System Administrator maintaining IT infrastructure and ensuring uptime.,TRUE
880,787,565,385,Digital Marketing Executive running campaigns and optimizing digital performance.,FALSE
881,853,45,557,UI/UX Designer designing intuitive user experiences and interfaces.,TRUE
882,322,422,201,Product Manager defining product vision and aligning with business goals.,TRUE
883,512,832,222,Cloud Architect developing scalable cloud solutions and ensuring availability.,FALSE
884,93,354,700,Data Analyst performing data exploration and generating insights.,FALSE
885,55,976,428,Product Manager defining product vision and aligning with business goals.,FALSE
886,949,536,647,Digital Marketing Executive running campaigns and optimizing digital performance.,FALSE
887,603,423,129,Cloud Architect developing scalable cloud solutions and ensuring availability.,FALSE
888,730,301,392,Data Analyst performing data exploration and generating insights.,TRUE
889,490,786,941,Digital Marketing Executive running campaigns and optimizing digital performance.,FALSE
890,361,17,174,Project Manager managing cross-functional teams and project timelines.,TRUE
891,423,984,50,Digital Marketing Executive running campaigns and optimizing digital performance.,TRUE
892,884,690,780,Data Analyst performing data exploration and generating insights.,FALSE
893,250,757,860,Product Manager defining product vision and aligning with business goals.,TRUE
894,285,89,788,Software Developer responsible for building scalable applications and debugging backend systems.,TRUE
895,731,821,973,Data Analyst performing data exploration and generating insights.,TRUE
896,19,933,832,UI/UX Designer designing intuitive user experiences and interfaces.,TRUE
897,650,62,212,Product Manager defining product vision and aligning with business goals.,TRUE
898,71,841,793,Business Analyst gathering requirements and supporting data-driven decisions.,TRUE
899,586,792,673,UI/UX Designer designing intuitive user experiences and interfaces.,TRUE
900,21,170,820,System Administrator maintaining IT infrastructure and ensuring uptime.,TRUE
901,575,233,489,Software Developer responsible for building scalable applications and debugging backend systems.,FALSE
902,722,219,691,Digital Marketing Executive running campaigns and optimizing digital performance.,FALSE
903,175,781,848,Cloud Architect developing scalable cloud solutions and ensuring availability.,TRUE
904,978,164,76,Data Analyst performing data exploration and generating insights.,FALSE
905,923,790,942,UI/UX Designer designing intuitive user experiences and interfaces.,TRUE
906,537,401,763,Data Analyst performing data exploration and generating insights.,TRUE
907,895,682,408,Cloud Architect developing scalable cloud solutions and ensuring availability.,TRUE
908,70,81,684,System Administrator maintaining IT infrastructure and ensuring uptime.,FALSE
909,939,272,276,System Administrator maintaining IT infrastructure and ensuring uptime.,FALSE
910,275,486,751,Project Manager managing cross-functional teams and project timelines.,FALSE
911,824,313,890,Cloud Architect developing scalable cloud solutions and ensuring availability.,TRUE
912,87,394,173,Cloud Architect developing scalable cloud solutions and ensuring availability.,TRUE
913,711,862,946,Digital Marketing Executive running campaigns and optimizing digital performance.,TRUE
914,997,550,585,Cloud Architect developing scalable cloud solutions and ensuring availability.,TRUE
915,193,568,239,UI/UX Designer designing intuitive user experiences and interfaces.,TRUE
916,99,845,253,System Administrator maintaining IT infrastructure and ensuring uptime.,TRUE
917,843,605,148,Project Manager managing cross-functional teams and project timelines.,FALSE
918,393,50,498,Business Analyst gathering requirements and supporting data-driven decisions.,FALSE
919,175,999,587,Data Analyst performing data exploration and generating insights.,FALSE
920,337,933,619,Digital Marketing Executive running campaigns and optimizing digital performance.,FALSE
921,226,479,354,UI/UX Designer designing intuitive user experiences and interfaces.,FALSE
922,989,740,139,Cloud Architect developing scalable cloud solutions and ensuring availability.,TRUE
923,442,318,759,UI/UX Designer designing intuitive user experiences and interfaces.,TRUE
924,546,775,837,Product Manager defining product vision and aligning with business goals.,FALSE
925,711,575,811,Data Analyst performing data exploration and generating insights.,TRUE
926,417,489,775,UI/UX Designer designing intuitive user experiences and interfaces.,TRUE
927,258,780,709,Project Manager managing cross-functional teams and project timelines.,FALSE
928,451,743,569,Cybersecurity Specialist monitoring threats and securing network systems.,FALSE
929,804,932,707,Digital Marketing Executive running campaigns and optimizing digital performance.,FALSE
930,114,512,308,Project Manager managing cross-functional teams and project timelines.,FALSE
931,284,16,119,Business Analyst gathering requirements and supporting data-driven decisions.,FALSE
932,381,284,186,Software Developer responsible for building scalable applications and debugging backend systems.,TRUE
933,528,902,603,Software Developer responsible for building scalable applications and debugging backend systems.,FALSE
934,382,315,534,Cybersecurity Specialist monitoring threats and securing network systems.,FALSE
935,679,847,982,Data Analyst performing data exploration and generating insights.,TRUE
936,912,716,638,Cybersecurity Specialist monitoring threats and securing network systems.,FALSE
937,53,460,570,Cybersecurity Specialist monitoring threats and securing network systems.,TRUE
938,337,832,659,Project Manager managing cross-functional teams and project timelines.,TRUE
939,699,284,867,Cybersecurity Specialist monitoring threats and securing network systems.,TRUE
940,329,699,80,Product Manager defining product vision and aligning with business goals.,FALSE
941,957,555,519,Cybersecurity Specialist monitoring threats and securing network systems.,FALSE
942,370,266,196,Cloud Architect developing scalable cloud solutions and ensuring availability.,FALSE
943,771,586,639,UI/UX Designer designing intuitive user experiences and interfaces.,TRUE
944,700,376,550,Digital Marketing Executive running campaigns and optimizing digital performance.,FALSE
945,880,582,945,Software Developer responsible for building scalable applications and debugging backend systems.,FALSE
946,962,998,785,Digital Marketing Executive running campaigns and optimizing digital performance.,TRUE
947,862,352,826,Business Analyst gathering requirements and supporting data-driven decisions.,FALSE
948,354,850,544,Data Analyst performing data exploration and generating insights.,TRUE
949,736,716,394,Data Analyst performing data exploration and generating insights.,TRUE
950,14,124,123,Software Developer responsible for building scalable applications and debugging backend systems.,TRUE
951,681,804,471,Business Analyst gathering requirements and supporting data-driven decisions.,TRUE
952,968,920,684,Project Manager managing cross-functional teams and project timelines.,FALSE
953,513,143,836,Business Analyst gathering requirements and supporting data-driven decisions.,FALSE
954,165,874,131,Business Analyst gathering requirements and supporting data-driven decisions.,TRUE
955,379,102,390,Data Analyst performing data exploration and generating insights.,FALSE
956,259,474,281,Software Developer responsible for building scalable applications and debugging backend systems.,TRUE
957,757,571,6,Digital Marketing Executive running campaigns and optimizing digital performance.,FALSE
958,361,106,484,Digital Marketing Executive running campaigns and optimizing digital performance.,TRUE
959,592,342,436,Cloud Architect developing scalable cloud solutions and ensuring availability.,TRUE
960,573,698,316,System Administrator maintaining IT infrastructure and ensuring uptime.,TRUE
961,676,267,843,Digital Marketing Executive running campaigns and optimizing digital performance.,TRUE
962,452,701,546,Data Analyst performing data exploration and generating insights.,TRUE
963,619,272,301,Cloud Architect developing scalable cloud solutions and ensuring availability.,TRUE
964,671,867,47,Product Manager defining product vision and aligning with business goals.,TRUE
965,832,28,375,Business Analyst gathering requirements and supporting data-driven decisions.,TRUE
966,379,548,35,Digital Marketing Executive running campaigns and optimizing digital performance.,FALSE
967,566,232,429,Cybersecurity Specialist monitoring threats and securing network systems.,FALSE
968,602,16,58,Project Manager managing cross-functional teams and project timelines.,TRUE
969,208,42,38,Project Manager managing cross-functional teams and project timelines.,FALSE
970,241,847,716,System Administrator maintaining IT infrastructure and ensuring uptime.,FALSE
971,283,558,192,System Administrator maintaining IT infrastructure and ensuring uptime.,FALSE
972,964,804,449,Cybersecurity Specialist monitoring threats and securing network systems.,FALSE
973,392,454,964,Software Developer responsible for building scalable applications and debugging backend systems.,TRUE
974,281,370,693,Software Developer responsible for building scalable applications and debugging backend systems.,TRUE
975,243,204,843,Digital Marketing Executive running campaigns and optimizing digital performance.,TRUE
976,452,982,964,Product Manager defining product vision and aligning with business goals.,FALSE
977,25,825,173,Project Manager managing cross-functional teams and project timelines.,FALSE
978,219,644,252,System Administrator maintaining IT infrastructure and ensuring uptime.,TRUE
979,305,256,504,Data Analyst performing data exploration and generating insights.,TRUE
980,651,766,18,Cybersecurity Specialist monitoring threats and securing network systems.,TRUE
981,407,729,646,Cybersecurity Specialist monitoring threats and securing network systems.,FALSE
982,720,661,316,Cloud Architect developing scalable cloud solutions and ensuring availability.,FALSE
983,862,215,453,Software Developer responsible for building scalable applications and debugging backend systems.,TRUE
984,493,486,6,Project Manager managing cross-functional teams and project timelines.,FALSE
985,746,722,74,Project Manager managing cross-functional teams and project timelines.,FALSE
986,689,398,415,Product Manager defining product vision and aligning with business goals.,FALSE
987,597,96,723,System Administrator maintaining IT infrastructure and ensuring uptime.,TRUE
988,39,755,844,Digital Marketing Executive running campaigns and optimizing digital performance.,FALSE
989,493,422,251,Digital Marketing Executive running campaigns and optimizing digital performance.,TRUE
990,512,31,411,Cloud Architect developing scalable cloud solutions and ensuring availability.,TRUE
991,357,14,354,Cybersecurity Specialist monitoring threats and securing network systems.,TRUE
992,767,515,425,UI/UX Designer designing intuitive user experiences and interfaces.,TRUE
993,226,689,261,Project Manager managing cross-functional teams and project timelines.,FALSE
994,892,149,504,Business Analyst gathering requirements and supporting data-driven decisions.,TRUE
995,207,525,187,UI/UX Designer designing intuitive user experiences and interfaces.,TRUE
996,785,41,990,Digital Marketing Executive running campaigns and optimizing digital performance.,FALSE
997,595,455,121,Cybersecurity Specialist monitoring threats and securing network systems.,FALSE
998,261,984,410,Digital Marketing Executive running campaigns and optimizing digital performance.,FALSE
999,149,163,623,Digital Marketing Executive running campaigns and optimizing digital performance.,FALSE
1000,780,617,218,Cloud Architect developing scalable cloud solutions and ensuring availability.,TRUE
